国家,名称,制造商,发射日期,发射地点,轨道,运载火箭,纬度,经度,参数,长度,有效载荷,首次轨道发射,中心直径,规格,近地轨道有效载荷,关注度,结构尺寸,处理器,“火星快车” 有效载荷,“猎兔犬2号 ”有效载荷,有效载荷(MPO),有效载荷(MMO),轨道卫星,登陆器,LCROSS有效载荷,LRO有效载荷
苏/俄,暴风雪（Buran）号航天飞机,闪电科学生产联合体(NPO Molniya),1988年11月15日,哈萨克斯坦，拜科努尔,252公里×256公里，倾角51.6°,能源号,北纬45度37分41.63秒,东经63度18分16.42秒,,36.7米,30吨,,,,,,,,,,,,,,,
美国,伽利略号探测器,休斯飞机公司,1989年10月18日,佛罗里达州，卡纳维拉尔角,太阳轨道,“亚特兰蒂斯”号航天飞机,,,,,大气构成研究设备(ASI)，中子质谱仪(NMS)，氦丰度探测器(HAD)，净通量辐射计(NFR)，浊度计(NEP)，闪电和无线电发射探测器(LRD)，带电粒子研究设备(EPI)。结构尺寸13米×0.9米,1989年10月18日,,,,,,,,,,,,,,
美国,GALEX（星系演化探测卫星）,轨道科学公司,2003年4月28日,佛罗里达州，卡纳维托尔角,694公里×700公里(431.2英里×435英里)，倾角28.99°,飞马座XL,,,,,装有两个远紫外探测器的望远镜。结构尺寸1米×2.5米(3英尺×6.4英尺),,,,,,,,,,,,,,,
荷兰,荷兰New Skies通信卫星,阿尔卡特航天公司,2005年2月3日,哈萨克斯坦，拜科努尔发射场,37.5°W(GEO),质子号／微风M,,,,,72个C波段转发器结构尺寸5.1米×2.2米×2米(11.2英尺×7.2英尺×6.6英尺),,,,,,,,,,,,,,,
挪威,Thor挪威通信卫星,休斯空间通信公司(现在的波音公司),1998年6月9日,佛罗里达州，卡纳维拉尔角,0.8°W(GFO),德尔塔Ⅱ 7925,,,,,14个Ku波段转发器结构尺寸3.3米×2.2米(10.5英尺×7.1英尺),,,,,,,,,,,,,,,
中国,实践8号卫星,,2006年9月9日,酒泉卫星发射中心,,“长征二号丙”运载火箭,,,,,,,,,,,,,,,,,,,,
苏/俄,Araks侦察卫星,俄罗斯宇航公司NPO拉夫契金设计局,2002年7月25日,哈萨克斯坦，拜科努尔发射场,1506公里×1774公里(935英里×1102英里)，倾角63.5°,质子K／布洛克DM,,,,9.75米,CCD图像系统,,,,,,,,,,,,,,,
德国,Cluster Ⅱ卫星,多尼尔卫星系统公司,2000年7月16日（FM7，FM6）；2000年8月9日（FM5，FM8）,拜科努尔，哈萨克斯坦,,联盟-Fregat(2),,,,,卫星电位主动控制器(ASPOC)，Cluster离子谱仪(CTS)，数字波处理器(DWP)，电子漂移器(EDI)，电场和波实验仪(EFW)，磁通门磁力计(FGM)，等离子体电子和电流探测器(PEACE)，自适应粒子成像探测器研究设备(RAPID)，场波动时空分析器(STAFF)，宽带数据设备(WBD)，高频波和电子密度探测器(WHISPER)。结构尺寸2.9米×1.3米,,,,,,,,,,,,,,,
欧盟,”热鸟“通信卫星,EADS阿斯特里厄姆公司,2006年8月4日,哈萨克斯坦，拜科努尔,13°E（GEO）,质子号/微风M,,,,,64部Ku波段转发器结构尺寸5.8米×2.4米×2.8米（19英尺×7.9英尺×9.5英尺）,,,,,,,,,,,,,,,
美国,麦哲伦探测器,马丁·玛丽埃塔公司,1989年5月4日,佛罗里达州，肯尼迪航天中心,297公里×8463公里(185英里×5259英里)，轨道倾角85.5°,“亚特兰蒂斯”号航天飞机(STS—30),,,,,合成孔径雷达结构尺寸太阳能电池板展开后6.4米×9.2米(21英尺×30.2英尺),,,,,,,,,,,,,,,
苏/俄,天顶号,SOD Yuzh /NoyePoYuzhMASh,哈萨克斯坦，拜科努尔(天顶号，天顶2sLB和天顶3sLB)；太平洋，海上发射平台(天顶2sL和天顶3sL),,,,,,,58.7米,天顶2号，13740千克(30 290磅)；地球静止转移轨道。天顶3sL，6 160千克(13552磅),1985年4月13日(天顶2号);1999年3月28日(天顶3SL),3.9米,,,,,,,,,,,,,
美国,赫谢尔（Herschel）太空望远镜,欧洲阿尔卡特—阿莱尼亚航天公司,2008年7月,法属圭亚那，库鲁,L2拉格朗日点，李萨如轨道,阿丽亚娜5 ECA,,,,,用于远红外的外差仪器(HIFI)，图像探测组照相机(PAC)，谱和测光成像接收机(SPlRE)。结构尺寸7.5米×4米×4米(24.6英尺×13.1英尺×13.1英尺),,,,,,,,,,,,,,,
苏/俄,光子（Foton）无人驾驶飞船,进步国家火箭与航天科研生产中心,2007年9月14日,哈萨克斯坦，拜科努尔,258千米×280千米（160英里×174英里)，轨道倾角62.9°,联盟u,,,,,,,,光子M3有效载荷欧空局微重力有效载荷，包括BIOPAN-6；年轻工程师卫星2号(YES2)结构尺寸6.5米×2.5米(21.3英尺×8.2英尺）,,,,,,,,,,,,
合作开发,奥德赛海上发射平台,美国、俄罗斯、乌克兰和挪威4个国家联合参股组建的公司,1999年3月27日,美国加利福尼亚州州长长滩的母港,,“天顶号”,北纬0°,西经154度,,,,,,,,,,,,,,,,,,
美国,ACE,约翰·霍普金斯大学应用物理实验室,1997年8月25日,佛罗里达州，卡纳维拉尔角,L1平衡点(晕轨道),德尔塔2号7920,,,,,宇宙射线同位素分光计(CRIS)，太阳同位素分光计(SIS)，超低能量同位素分光计(ULEIS)，太阳高能粒子离子化电荷分析仪(SEPICA)，太阳风离子质谱仪(SWIMS)，太阳风离子化成分分光计(SWICS)，电子、质子和阿尔法粒子监视器(SWEPAM)，磁力计(MAG)，实时太阳风(RTSW)。结构尺寸1.6米×1米,,,,,,,,,,,,,,,
苏/俄,指南针2号复杂轨道磁-等离子体自主卫星,俄罗斯科学院地磁、电离层和电波传播研究所（IZMIRAN），马克耶夫联邦火箭中心,2006年5月26日,巴伦支海（叶卡捷琳堡号弹道导弹核潜艇）,399公里×483公里（248公里×300英里），78.9°太阳同步轨道,Shtil1,,,,,辐射和紫外线探测器（Tatyana），无线电频率分析仪（RFA），低频波综合装置（NVK），双频率无线电收发机（MAYAK）结构尺寸1.7米×0.8米×0.5米(3.7英尺×2.6英尺×1.6英尺),,,,,,,,,,,,,,,
法国,金星快车,EADS阿斯特里厄姆公司,2005年11月9日,哈萨克斯坦，拜科努尔,250公里×26000公里(155英里×41010英里)，轨道倾角90°,,45°37'N,63°19'E,,,矢量氦磁力计／磁门磁力计(VHM／FGM)，太阳极点太阳风观测器(SWOOPS)，太阳风离子成分分光计(SWICS)，标准无线电和等离子波勘测仪(URAP)，带电粒子成分／星际惰性气体实验设备EPAC／GAS)，日光层光谱、成分和各向异性低能量实验设备(HI-SCALE)，宇宙射线和太阳粒子勘测设备(COSPIN)，伽马射线暴实验设备(GRB)，宇宙尘设备(DUST)。结构尺寸3.2米×3.3米×2.1米(10.5英尺×10.8英尺×6.9英尺),,,,,,,,,,,,,,,
合作开发, “欧罗巴2号运载火箭的综合发射设施（ELA-1）,欧洲运载火箭研制组织,1971年11月5日,法属圭亚那的库鲁,, “欧罗巴2号,北纬5.2°,东经52.8°,,,,,,,,,,,,,,,,,,
美国,空间跟踪和监视系统（STSS，SBIRS-Low）,诺斯洛普·格鲁曼空间技术公司,2008年,佛罗里达州，卡纳维拉尔角,近地轨道(LEO),德尔塔Ⅱ7920,,,,,红外采集传感器，导弹跟踪传感器。,,,,,,,,,,,,,,,
苏/俄,"第聂伯（Dnepr,SS-18/Satan,R-36M）运载火箭",yuzhnoe设计局,1999年4月21日,俄罗斯，拜科努尔,,,,,,34.3米,,,3米,,4500千克,,,,,,,,,,,
合作开发,“双星”计划,中国国家航天局,2003年12月29日(探测1号)，2004年7月25日(探测2号),探测1号（中国西昌），探测2号（中国太原）,（探测1号）570公里×78970公里，（探测2号）690公里×38230公里,长征2C,,,,,卫星电位主动控制器(ASPOC)(仅“探测1号”装备)，磁通门磁力计(FGM)(“探测1号”和“探测2号”装备)，等离子体电子和电流探测器(PEACE)(“探测1号”和“探测2号”装备)，中子原子成像仪(NUADU)(仅“探测2号”装备)，热离子分析仪(HIA)(仅“探测1号”装备)，低能量离子探测器(LEID)(仅“探测2号”装备)，场波动时空分析器(STAFF)／数字波处理器(DWP)(仅“探测2号”装备)，低频电磁波设备(LFEW)(仅“探测2号”装备)，高能量电子探测器(HEED)(“探测1号”和“探测2号”装备)，高能量质子探测器（HEPD)（“探测1号”和“探测二号”装备)重离子探测器(HlD)(“探测1号”和“探测2号”装备)。结构尺寸2.1米×1.4米,2003年12月29日(探测1号)，2004年7月25日(探测2号),,,,,,,,,,,,,,
美国,国防卫星通信系统（DSCS）,洛克希德·马丁公司,2003年9月29日,佛罗里达州，卡纳维拉尔角,85°W(GFO),德尔塔Ⅳ-中型,,,,,,,,DSCS 3B6有效载荷4个C波段转发器结构尺寸2米×1.9米×1.9米(6.6英尺×6.2英尺×6.2英尺),,,,,,,,,,,,
中国,长征五号运载火箭,中国运载火箭技术研究院,,海南文昌卫星发射中心,,,北纬19度,东经109度,,60.5米,,,5米,,,(5分),,,,,,,,,,
美国,先驱者10号,TRW系统公司,1972年3月3日,佛罗里达州，卡纳维拉尔角,逃逸轨道,阿特拉斯/半人马座/TF364-4,28 ° 24'N,-80 ° 37 W,,,氦矢量磁力计，等离子分析仪，带电粒子设备，宇宙射线望远镜，盖革计数望远镜，受限辐射侦测器，流星体探测器，小行星一流星体试验设备，紫外线光度计，照相偏振测量仪，红外线辐射计，磁通门磁力计。结构尺寸2.9米×2.7米(9.5英尺×8.9英尺),,,,,,,,,,,,,,,
日本,“大地”号地球观测卫星,日本宇宙航空研究开发机构,2006年1月24日,日本，种子岛,,,30.4°N,131.0°E,,,立体测绘全色遥感设备(PRISM)，先进可见光与近红外线辐射计2型（ACNIR-2），相控阵型L波段合成孔径雷达（PALSAR）结构尺寸4米×4米×6米(13.1英尺×13.1英尺×19.7英尺）,,,,,,,,,,,,,,,
美国,美国国家航空航天局（NASA）,,,,,,,,,,,,,,,,,,,,,,,,,
美国,FAST（极光快速摄影探测卫星）,NASA-戈达德，航天飞行中心,1996年8月21日,加利福尼亚州，范登堡(空中发射),350公里×4175公里(217英里×2594英里)，轨道倾角83°,飞马座XL,,,,,静电分析仪(ESA)，电场传感器，飞行能量角时间质谱仪(TEAMS)，AC／DC磁力计。结构尺寸1.8米×1.2米,,,,,,,,,,,,,,,
美国,海盗（Viking）探测器,马丁·玛丽埃塔公司,1975年8月20日(海盗1号），1975年9月9日（海盗2号）。,佛罗里达州，卡纳维拉尔角,1510公里×32800公里，(938英里×20380英里)，倾角37.9°。,巨人IIIE-半人马座,28°24'N,80°37'W,,,两架视管摄像机，外线分光计，红外线辐射计。结构尺寸3.3米×2.5米(10.8英尺×8.2英尺）,,,,,,,,,,,,,,,
苏/俄,宇宙3M运载火箭,Polyot设计局,1964年8月18日,俄罗斯，卡普斯京亚尔发射场,,,,,,32.4米,近地轨道有效载荷1400千克,,2.49米,,,,,,,,,,,,,
美国,开普勒太空望远镜,巴尔航天公司,2009年2月,佛罗里达州，卡纳维拉尔角,地球拖尾日心轨道,德尔塔Ⅱ2925-10L,,,,,测光仪结构尺寸从分离面到遮光罩顶端4.7米(15.4英尺)，星体最大直径2.7米(8.9英尺),2009年3月6日22时49分57秒465毫秒,0.95米,,,,,,,,,,,,,
以色列,EROS A地球遥感观测卫星,以色列飞机制造公司,2006年4月25日,"俄罗斯,斯沃博德内",500千米(311英甲)，轨道倾角97.4°，太阳川步轨道,起飞1号,,,,,全色成像摄像机2型（PIC-2）。结构尺寸2.3米×4米,,,,,,,,,,,,,,,
中国,天宫二号空间实验室,中国航天科技集团公司,2015年,中国海南,,长征二号F运载火箭,,,,,,,,,,(5分),,,,,,,,,,
日本,H-Ⅱ运载火箭,三菱重工,2001年8月29日,日本，种子岛,,,,,,52.5米,地球同步转移轨道有效载荷5000千克,,4米,,,,,,,,,,,,,
美国,过渡区和日冕探测器,洛克希德·马丁公司,1998年4月2日,加利福尼亚州，范登堡,600公里×650公里(373英里×404英里)，轨道倾角97.8°。,人马座XL,34°43′47″N,120°34′37″W,,,远紫外线成像挈远镜(EIT)结构尺寸1.8米×1.1米(5.9英尺×3.5英尺),,,,,,,,,,,,,,,
美国,OrbView遥感地球图像卫星,轨道科学公司,2003年6月26日,加利福尼亚州，范登堡,470公里(292英里)，轨道倾角97.3°(太阳同步轨道),飞马座XL,,,,,1米(3.3英尺)分辨率全色照相机，4米(13.1英尺)分辨率多光谱照相机结构尺寸1.9米×1.2米(612英尺×3.9英尺),,,,,,,,,,,,,,,
日本,HTV（H-Ⅱ转移飞船）,三菱重工,2009年09月18日,日本种子岛,400公里(250英里)，轨道倾角51.6°,H-II B,,,,,有压力运输，最多7000千克(15430磅)；有压力和无压力混合，最多6000千克(13225磅)。结构尺寸混合后勤运输船，4.4米×9.2米(14.5英尺×30.4英尺),,,,,,,,,,,,,,,
美国,SBIRS（天基红外系统）,洛克希德·马丁太宅系统分部,2009年,佛罗里达州，卡纳维拉尔角,地球静止转移轨道,阿特拉斯V,,,,,扫描型红外探测器，凝视型红外探测器。结构尺寸4米×3米×2米,,,,,(4分),,,,,,,,,,
日本,种子岛航天中心,日本,,种子岛的东南角，在九州南部海岸线外50公里（31.1英里），东京西面1050公里（650英里）,,,北纬30.4°,东经131.0°,,,,1975年9月9日,,,,,,,,,,,,,,
中国,遥感卫星17号,,2013年9月2日,酒泉卫星发射中心,,,,,,,,,,,,,,,,,,,,,,
英国,AISAT地球遥感卫星,萨里卫星技术公司,2002年11月28日,俄罗斯，普列谢茨克,686公里(426英里)，轨道倾角98.2°，太阳同步轨道,,,,,,立体测绘全色遥感设备(PRISM)，先进可见光与近红外线辐射计2型（ACNIR-2），相控阵型L波段合成孔径雷达（PALSAR），多光谱CCD成像仪。结构尺寸0.6米×0.6米×0.6米,,,,,,,,,,,,,,,
巴西,Brasilsat 通信卫星,休斯空间和通信公司,2000年8月21日,法属圭亚那，库鲁,92°W(GEO）,阿丽亚娜44LP,,,,,,,,BrasilsatB4有效载荷28部c波段转发器结构尺寸3.4米×3.7米(11.3英尺×12英尺),,,,,,,,,,,,
法国,Eutelsat通信卫星,EADS阿斯特里厄姆公司,2004年3月16日,哈萨克斯坦，拜科努尔,7°E（GEO）,质子号/微风M,,,,,,,,W3A有效载荷3部Ka波段转发器，55部Ku波段转发器结构尺寸5.8米×2.4米×2.9米（19英尺×7.9英尺×9.5英尺）,,,,,,,,,,,,
苏/俄,和平（Mir）号空间站,RSC Energia,1986年2月20日(核心舱),哈萨克斯坦，拜科努尔,385公里×393公里(239英里×244英里)，倾角51.6°,质子号,,,,,,,,,,,13.1米×29.7米,,,,,,,,,
马来西亚,Measat通信卫星,波音公司,2006年12月12日,哈萨克斯坦，拜科努尔发射场,91.5°E(GEO),质子M,,,,,24个C波段转发器，24个Ku波段转发器结构尺寸3.8米×7.4米(12.5英尺×24.4英尺),,,,,,,,,,,,,,,
中国,资源2号卫星,中国航天科技集团公司,2000年,太原卫星发射中心,,长征四号乙运载火箭,,,,,,,,,,,,,,,,,,,,
苏/俄,斯普特尼克1号人造轨道卫星,OKB-1(Ko rolev),1957年10月4日,哈萨克斯坦，拜科努尔,947×228公里(588×142英里)，倾角65°,斯普特尼克(R-7),,,,,两部无线电广播发射机。,,,,,,,,,,,,,,,
法国,鑫诺一号(SINNO)卫星,法国宇航公司,1998年,西昌卫星发射中心,,长征三号乙运载火箭,,,,,,,,,,,,,,,,,,,,
苏/俄,东方1号,OKB-1(Korolev),1961年4月12日,哈萨克斯坦，拜科努尔,181公里×327公里(112英里×203英里)，倾角64.95°,东方号(R-7),,,,,,,2.3米,,,,,,,,,,,,,
美国,双子座3号,麦克唐纳飞行器公司,1965年3月23日,佛罗里达州，卡纳维拉尔角,160公里×244公里（100英里×139英里），倾角33°,大力神2号,,,,,,,,,,,5.6米×10米（18.4英尺×32.8英尺）,,,,,,,,,
印度,Kalpana( MetSat-1 )气象卫星,印度空间研究组织卫星中心,2002年9月12日,印度，斯里哈里科塔,东经74°(地球静止转移轨道),PSLV-C4,,,,,甚高分辨率辐射讣(VHRR)，数据中继收发机(DRT)结构尺寸1.6米×1.6米×1.1米(5.2英尺×5.2英尺×3.6英尺),,,,,,,,,,,,,,,
美国,火星全球勘测者,洛克希德.马丁宇航公司,1996年11月7日,佛罗里达州，卡纳维拉尔角,258公里×54021公里(160英里×33563英里),,,,,,火星轨道卫星摄像机（MOC），火星轨道卫星激光高度计（MOLA），热辐射光谱仪(TES)，磁力计／电子反射计(MAG／FR)，火星中继天线(MR)。结构尺寸1.2米×1.2米×1.8米(3.9英尺×3.9英尺×5.9英尺),,,,,,,,,,,,,,,
美国,雨燕卫星（Swift Gamma-Ray Burst Mission）,Spectrum Astro公司,2004年11月20日,佛罗里达州，卡纳维拉尔角,584公里×604公里(362英里×375英里)，轨道倾角20.6°,德尔塔Ⅱ7320-10,,,,,爆炸预警望远镜，X射线望远镜(XRT)，超紫外线／光学望远镜(UVOT)结构尺寸5.1米×1.7米,,,,,,,,,,,,,,,
中国,实践四号卫星（SJ-4）,,1994年2月8日,中国西昌卫星发射中心,近地点高度200km、远地点高度36000km、倾角28.5°,,,,,,,,,,,,,,,,,,,,,
美国,铱星系统,摩托罗拉公司，洛克希德太空系统分部,2002年6月20日,俄罗斯，普列谢茨克,80公里（484.7英里），轨道倾角75°，6个轨道平面,呼啸号,,,,,1个Ka波段天线，3个L／S波段天线结构尺寸4米×1.3米（13.1米×4.3英尺）,,,,,,,,,,,,,,,
法国,SMOS,泰利斯·阿莱尼亚航天公司,2008年,俄罗斯，普列谢茨克,763公里(474英里)，倾角98.4°(太阳同步轨道),“罗克特”(Rockot),,,,,综合孔径微波辐射计(MIRAS)结构尺寸2.4米×2.3米(7.9英尺×7.5英尺),,,,,,,,,,,,,,,
中国,长征三号运载火箭,中国运载火箭技术研究院,1984年,西昌卫星基地,,,,,,44.56米,5000千克。,,3.35米,,,,,,,,,,,,,
美国,辛科姆1-3号 地球同步通信卫星,休斯太空通讯公司,1963年7月26日,佛罗里达州，卡纳维拉尔角,35742公里×36782公里(22210英里×22856英里)，倾角33°,雷声-德尔塔, 80°39'6.68W,28°35'11.35N,,,27 363MHz接收机结构尺寸0.7米×0.4米(2.3英尺×1.3英尺),1963年2月14日,,,,,,,,,,,,,,
美国,水星-红石3（Mercury Redstone，自由7号）,麦克唐纳飞行器公司,1961年5月5日,佛罗里达州，卡纳维拉尔角,亚轨道，高度187.5公里(116.5英里),红石,,,,,,,,,,,4米×1.9米,,,,,,,,,
美国,Terra对地观测卫星,洛克希德·马丁导弹和空间系统公司,1999年12月18日,加利福尼亚州，范登堡,702公里(436英里)，倾角98.2°(太阳同步轨道),阿特拉斯-2AS,,,,,高级星载地球热发射和反照辐射计（ASTER），云和地球辐射能量测量系统(CERES)，中分辨率成像光谱仪(MODIS)，对流层污染测量仪(MOPITT)，多角度成像光谱辐射计（MISR)结构尺寸6.8米×3.5米(22.3英尺×11.5英尺),,,,,,,,,,,,,,,
美国,航天飞机,罗克韦尔公司,1981年4月12日,,,,,,,,,,,,,,56米×8.7米(183英尺×28.5英尺),,,,,,,,,
中国,遥感卫星12号,,2011年11月9日11时21分,太原卫星发射中心,,长征四号乙,,,,,,,,,,,,,,,,,,,,
美国,“凤凰”号航天探测器,洛克希德·马丁空间系统公司,2007年8月4日,佛罗里达州，卡纳维拉尔角,太阳轨道，登陆器,德尔塔II 7925,,,,,显微镜、电化学和传导性分析仪(MECA)，机械臂摄像机（RAC），表面立体成像仪（SSI），热量和析出气体分析仪(TEGA)，火星下降成像仪(MARDI)，气象站(MET)。结构尺寸2.2米×5.5米（7.2英尺×18.1英尺），太阳能电池板和桅杆展开,,,,,,,,,,,,,,,
意大利,COSMO-SkyMed,意大利泰利斯·阿莱尼亚空间公司,2007年6月7日,加利福尼亚州，范登堡,620公里（385公里），轨道倾角97.86°（太阳同步轨道）,德尔塔2号7420,,,,9.75米,合成孔径雷达(SAR),,,,,,,,,,,,,,,
英国,灾难监视星座,萨里卫星技术公司,2003年9月27日,俄罗斯，普列谢茨克,675公里×692公里(419英里×430英里)，轨道倾角98.2°，太阳同步轨道,宇宙3M,,,,,多光谱CCD成像仪，Internet路由器。结构尺寸0.6米×0.6米×0.6米,,,,,,,,,,,,,,,
印度,达万航天中心,印度空间研究组织,1971年10月,印度南部海滨城市安得拉邦的东部海岸线上,,,北纬13.7°,东经80.2°,,,,,,,,,,固体火箭推进剂处理设施,,,,,,,,
美国,银河（Gaiaxy）（国际）通信卫星,泰利斯·阿莱尼亚航天公司,2007年5月4日,法属圭亚那，库鲁,90°W(GEO),阿丽亚娜5-ECA,,,,,,,,银河17号有效载荷24部C波段转发器，24部Ku波段转发器结构尺寸3.8米×1.8米×2.3米（12.3英尺×5.9英尺×7.5英尺）,,,,,,,,,,,,
中国,遥感卫星18号,,2013年10月29日,太原卫星发射中心,,,,,,,,,,,,,,,,,,,,,,
埃及,Nilesat通信卫星,EADS阿斯特里厄姆公司,2000年8月17日,法属圭亚那，库鲁,7°W（GEO）,阿丽亚娜44LP,,,,,12个Ku波段转发器结构尺寸2.4米×1.7米×2.2米（7.9英尺×5.6英尺×7.2英尺）,,,,,,,,,,,,,,,
美国,陆地卫星（Landsat）,洛克希德·马丁空间系统公司,1999年4月15日,加利福尼亚州，范登堡,702公里（436英里）98.2°，太阳同步轨道,德尔塔Ⅱ7920,,,,,增强型专题绘图仪(ETM+)结构尺寸4米×2.7米（13.3英尺×9英尺）,,,,,,,,,,,,,,,
法国,太阳神Helios光学监视卫星,FADS阿斯特哩厄姆公司,2004年12月18日,法属圭亚那，库鲁,690公里（429英里），倾角98.08°(太阳同步轨道),阿里亚娜5G,,,,,极高分辨率成像系统，宽视角成像系统结构尺寸6米×3.7米×3.4米﹙19.7英尺×12.1英尺×11.2英尺﹚,,,,,,,,,,,,,,,
英国,欧洲之星1号通信卫星,阿尔卡特航天公司、空间系统公司/劳拉公司,2000年10月29日,法属圭亚那，库鲁,45°E（GEO）,阿丽亚娜44LP,,,,,,,,欧洲之星1号有效载荷30部Ku波段转发器结构尺寸2.7米×5.5米×3.5米（8.9英尺×18英尺×11.5英尺）,,,,,,,,,,,,
中国,嫦娥三号探测器,中国航天科技集团公司,2013年12月2日1时30分,西昌卫星发射中心,近地点高度200公里，远地点高度约38万公里,长征三号乙运载火箭,"北纬 28°14'45""","东经102° 1'40""",,,,100×100公里的环月圆轨道,,,,,,,,,,,,,,
合作开发,Topex/Poseidon海洋环流测量卫星,仙童空间有限公司,1992年8月10日,法属圭亚那，库鲁,1336公里(830英里)，轨道倾角66°,阿丽亚娜42P,,,,,NASA双频(C波段和Ku波段)高度计，微波辐射计，全球卫星定位系统(GPS)，激光反射器，卫星多普勒轨道成像和无线电定位集成系统(DORIS)结构尺寸2.8米×5.5米×6.6米(9.2英尺×18英尺×21.7英尺),,,,,,,,,,,,,,,
中国,遥感卫星10号,,2010年8月10日6时49分,太原卫星发射中心,,长征四号丙,,,,,,,,,,,,,,,,,,,,
美国,卡瓦佳林（kawajalsin）发射场,,,奥麦利克的小岛,,,北纬9.28°,东经167.73°,,,,,,,,,,,,,,,,,,
中国,遥感卫星4号,中国航天科技集团公司,2008年12月1日12时42分,酒泉卫星发射中心,,长征二号丁运载火箭,40°57′28″N,100°17′30″E,,,,,,,,,,,,,,,,,,
合作开发,CALIPSO遥感卫星,阿尔卡特•阿莱尼亚空间公司,2006年4月28日,加利福尼亚州，范登堡,702公里(436英里)，轨道倾角98.2°，太阳同步轨道,德尔塔II-7420,,,,,正交极化云层浮质激光雷达(CALIOP)，大视场摄像机(WFC)，红外线成像辐射计(IIR)。结构尺寸1.9米×1.6米×2.5米,,,,,,,,,,,,,,,
日本,光亮号（Akari）红外天文卫星,NEC东芝公司,2006年2月21日,日本，鹿儿岛内的浦町发射场,695公里×710公里(431.9英里×441.2英里)，倾角98.2°（太阳同步轨道）,M-V-8,,,,,远红外观测器（FIS），红外摄像机（IRC）。结构尺寸3.7米×5.5米(12.1英尺×18英尺)(包括太阳能电池帆板展开的长度),,,,,,,,,,,,,,,
苏/俄,信使（Gonets）中轨道小型卫星通信系统,NPO PM,2005年12月21日,俄罗斯，普列谢茨克,1449公里×1469公里(900英里×913英里）轨道倾角82.5°E,宇宙3M,,,,,16部C波段转发器，一部L波段转发器，一部Ku波段转发器。结构尺寸0.8米×1.6米（2.6英尺×5.2英尺）,,,,,,,,,,,,,,,
中国,酒泉卫星发射中心双城子,,1960年9月1日,,,,北纬40.6°,东经99.9°,,,,,,,,,,,,,,,,,,
中国,风云2号,上海空间飞行技术研究院,2006年12月8日,中国，西昌,350公里×4175公里(217英里×2594英里)，轨道倾角86.5°(地球静止转移轨道),长征3A,,,,,扫描辐射计，S波段和超高频(UHF)数据发射机，水蒸气探测器。结构尺寸1米×1.6米,,,,,(5分),,,,,,,,,,
日本,内之浦（Uchinoura）航天中心,,,大隅半岛东部海岸的丘陵地带,,,北纬31.2°,东经131.1°,,,,,,,,,,,,,,,,,,
美国,Aura(原称EOS／Chem-1),TRW(现为诺斯罗普•格鲁曼公司),2004年7月15日,加利福尼亚州，范登堡,688公里×694公里(427英里×431英里)，轨道倾角98.2°，太阳同步轨道,德尔塔II—7920火箭,,,,,高分辨率动态临边探测器（HIRDLS），微波临边探测器(MLS)，臭氧监视设备(OMI)，对流县放射分光计(TES)。结构尺寸2.7米×2.3米×6.9米,,,,,,,,,,,,,,,
中国,鑫诺五号(中星10号)卫星,中国空间技术研究院,,西昌卫星发射中心,,长征三号乙运载火箭,,,,9.94米,,北京时间2011年6月21日00时13分04秒,,,,,,,,,,,,,,
中国,嫦娥二号,中国空间技术研究院,2010年,西昌卫星发射基地,地月转移轨道,长征三号丙运载火箭,,,,,,,,,,,2米×1.72米×2.2米,,,,,,,,,
中国,遥感卫星11号,,2010年9月22日10时40分,酒泉卫星发射中心,,长征二号丁,,,,,,,,,,,,,,,,,,,,
中国,遥感卫星16号,中国航天科技集团公司,2012年11月25日12时06分,酒泉卫星发射中心,,长征四号丙,,,,,,,,,,,,,,,,,,,,
苏/俄,斯普特尼克2号（Sputnik2，PS-2）,OKB-1(Korolev),1957年11月3日,哈萨克斯坦，拜科努尔,225×1671公里(140×1038英里)，倾角65.3°,斯普特尼克(R-7),,,,,包含小狗“莱卡”的加压密封舱，盖格计数器，紫外线和x射线分光光度计。,,1.2米,,,,,,,,,,,,,
欧盟,ATV自动转移飞行器,EADS航天运输公司,2008年1月,法属圭亚那，库鲁,400公里,阿丽亚娜5ES,,,,,最多860千克(1892磅)补给火箭燃料，最多5500千克(12100磅)固体货物，最多100千克(220磅)气体(空气等)。结构尺寸10.3米×4.5米(33.7英尺×14.7英尺),,,,,,,,,,,,,,,
印度,CARTOSAT立体视觉地球观测卫星,印度空间研究组织,2007年1月10日,印度，斯里哈里科塔,"635公里（395英里）,轨道倾角97.9°,太阳同步轨道",PSLV-C7,,,,,全色摄像机。结构尺寸1.9米×1.6米×2.5米,,,,,,,,,,,,,,,
苏/俄,呼啸号运载火箭,赫鲁尼切夫国家航天科研生产中心,1965年7月16日,,,,,,,29.2米,,,2.5米,,,,,,,,,,,,,
合作开发,CBERS 资源卫星,"ADE,Funcate；Digicon,CAST",1999年10月14日,中国，太原,778公里(483英里)，轨道倾角98.5°，太阳同步轨道,长征4B,,,,,高分辨率CCD摄像机，多光谱扫描仪（IRMSS），大视场成像仪（WFI）。结构尺寸1.8米×2米×2.2米,,,,,,,,,,,,,,,
日本,ETS Ⅷ,三菱电机、NEC东芝空间系统,2006年12月18日,日本，种子岛,146°E（GEO）,H-ⅡA,,,,,32部低噪声放大器，S波段反射器，高能反射器，原子钟结构尺寸7.3米×2.5米×2.4米（23.9英尺×8英尺×7.7英尺）,,,,,,,,,,,,,,,
印度,对地静止卫星运载火箭,印度空间研究组织,2001年4月18日,印度，Sriharikota,,,,,,49米,近地轨道有效载荷5000千克，地球静止转移轨道有效载荷2500干克,印度，Sriharikota,2.8米,,,,,,,,,,,,,
美国,火星快车（Mars Express）火星轨道卫星,EADS阿斯特厄里姆公司,2003年6月2日,哈萨克斯坦，拜科努尔,258公里×11560公里(160英里×7183英里)，轨道倾角86.3°,联盟—Fregat,,,,,,,,,,,15米×1.8米×1.4米(4.9英尺×5.9英尺×4.6英尺),,高解析度立体摄像机(HRSC)，红外线矿物学测绘分光计(OMEGA)，行星傅立叶(红外线)分光计(PFS)，火星大气特征分光镜勘测设备(SPICAM)，空间等离子和高能原子分析仪(ASPERA)，火星地下和电离层先进雷达(MARSIS)。,气体分析工具包，环境传感器，两部立体摄像机，穆斯包尔分光计；X射线分光计，岩芯取样器／研磨器，显微镜，凿岩机。,,,,,,
美国,亚洲卫星（AsiaSat）,波音卫星系统,2003年4月11日,佛罗里达，卡纳维拉尔角,122.2°E(GEO),阿特拉斯3B,,,,,,,,亚洲卫星4号有效载荷28部c波段转发器，20部Ku波段转发器结构尺寸5.8米×3.4米×3.5米(19英尺×11.1英尺×11.4英尺),,,,,,,,,,,,
美国,TACSCATI卫星,休斯飞机公司,1969年2月9日,佛罗里达州，卡纳维拉尔角,西经107°，地球静止轨道(GEO),巨人IIIC,,,,,两部硬限幅转发器。结构尺寸2.8米×7.6米(9.3英尺×25英尺),,,,,,,,,,,,,,,
美国,火星探测漫游者（“精神”号和“勇气”号）,NASA喷气推进实验室,“勇气”号，2003年6月10日；“机遇”号，2003年7月7日,佛罗里达州，卡纳维拉尔角,太阳轨道，火星登陆,“勇气”号，德尔塔II7925；“机遇”号，德尔塔II7925H,,,,,两部全景摄像机，微型热辐射光谱仪，穆斯包尔分光计，阿尔法粒子X射线分光计，微型影像仪，岩石磨损工具，3个磁阵列。结构尺寸1.5米×2.3米×1.6米(4.9英尺×7.5英尺×5.2英尺),,,,,,,,,,,,,,,
印度,Chandryaan-1月球轨道卫星,印度空间研究组织,2008年4月,印度，斯里哈里科塔,100公里（62英里），月球极轨道,PSLV-XL,,,,,月球矿物学绘图仪(M3)、小型合成孔径雷达(Mini-SAR），月球碰撞探测器（MIP），高能X射线分光计（HEX），地形绘图立体摄像机(TMC)，超光谱成像设备(HySI)，月球激光测距设备（LLRI），放射量监视实验设备（RADOM），亚伏特级原子反射分析仪(SARA)，近红外线分光计(SIR-2)，Chandryaan-1X射线分光计(C1XS)结构尺寸1.5米×1.5米×1.5米,2008年11月14日,,,,,,,,,,,,,,
美国,先驱者0号,,,,,1958年8月17日,,,,,,,,,,,,,,,,,,,,
美国,先进极高频AEHF,洛克希德·马丁公司太空系统分部,,佛罗里达州，卡纳维拉尔角,地球静止转移轨道(GEO),德尔塔Ⅳ或者阿特拉斯V,,,,0.75米,星载信号,,,,,,,交联EHF／SHF通信,,,,,,,,
美国,金星先锋2号空间探测器,NASA Ames研究中心,1978年8月8日,佛罗里达州，卡纳维拉尔角,同步轨道(撞击),阿特拉斯—半人马座,北纬27度,西经81度,,2.5米,中性粒子质谱仪(主体、火型探测器装备)，离子质谱仪(主体装备)，气相色谱仪(大型探测器装备)，太阳通量辐射计(大型探测器装备)，红外线辐射计(大型探测器装备)，云粒度分光计(大型探测器装备)，测云计(大型探测器和小型探测器装备)，温度、压力和加速度传感器(人型探测器和小型探测器装备)，净通量辐射(小型探测器装备)结构尺寸2.5米×1.2米,,1.5米,,,,,,,,,,,,,
欧盟,宇宙空间实验室1号,MBB-ERNO,1983年11月28日,佛罗里达州，肯尼迪肮天中心,241公里×254公里(150×158英里)，倾角57°,哥伦比亚号航天飞机,北纬27度56分41.48秒,西经82度30分2.69秒,,,6个天文学和空间物理学实验装置，6个空间等离子物理学实验装置，6个大气和地球观测装置，16个生命科学实验装置，36个材料科学实验装置结构尺寸压力舱4.1米×7米，托盘3米×4米,,,,,,,,,,,,,,,
美国,卡纳维拉尔角空军机场,,1950年7月24日,,,,北纬28.5°,西经81.0°,,,,,,,,,,,,,,,,,,
美国,飞马座XL（Pegasus XL）运载火箭,轨道科学公司,1994年4月27日,"加利福尼亚州，范登堡／弗吉尼亚州，瓦罗普斯岛(空中发射)；马歇尔群岛,卡瓦加林环礁(仅“飞马座”)，佛罗里达州，卡纳维拉尔角／加利福尼亚州,德莱顿(仅“飞马座”)，Canarv群岛，Gando",,,,,,17.6米,440千克,,1.3米,,,,,,,,,,,,,
合作开发,阿拉伯（Arabsat）卫星,EADS阿斯特里厄姆公司,2006年11月8日,哈萨克斯坦，拜科努尔,26°E（GEO）,质子号/微风M,,,,,32部Ku波段转发器结构尺寸1.8米×2.3米（5.9英尺×7.5英尺),,,,,,,,,,,,,,,
欧盟,欧洲航天局（ESA）,,,,,,,,,,,,,,,,,,,,,,,,,
合作开发,欧罗巴（Europa）型运载火箭,欧洲运载火箭研制组织,,澳大利亚，伍默拉(欧罗巴Ⅰ)，法属圭亚那，库鲁(欧岁巴Ⅱ),,,,,,31.7米,,1964年6月4日,3.05米,,,,,,,,,,,,,
中国,东方红一号,中国空间技术研究院,1970年,酒泉卫星发射中心,,长征一号运载火箭,,,,,,,,,,,直径1米的球形72面体,,,,,,,,,
中国,神舟一号飞船,,1999年11月20日凌晨6点,酒泉航天发射场,地球轨道周期为89°6′，地球轨道倾角为42°6′,长征2号F,40°57′28″N,100°17′30″E,,,,,,,,,,,,,,,,,,
中国,天宫一号目标飞行器,中国航天科技集团公司,2011年,酒泉卫星发射中心,,长征二号FT1火箭,,,,10.4米,,,3.35米,,,,,,,,,,,,,
加拿大,Radarsat雷达卫星,Spar AerosPace公司(现在的麦克唐纳-德特威尔联合有限公司)／巴尔航天公司,1995年11月4日,加利福尼亚州，范登堡,703公里×821公里(493英里×510英里)，轨道倾角98.6°(太阳同步轨道),德尔塔Ⅱ7920,,,,,合成孔径雷达(SAR)结构尺寸1.5米×1.2米(4.9英尺×3.9英尺),,,,,,,,,,,,,,,
印度,极轨卫星运载火箭（PSLV，Polar Satellite Launch Vehicle）,印度空间研究组织,1993年9月20日,印度,,,,,,44.4米,5000千克,,2.8米,,,,,,,,,,,,,
苏/俄,卡普斯京亚尔(Kapustin Yar)导弹发射场,,1947年10月18日,,,,北纬48.5°,东经45.8°,,,,,,,,,,,,,,,,,,
中国,遥感卫星2号,中国航天科技集团公司,2007年5月25日15时12分,酒泉卫星发射中心,,“长征二号丁”运载火箭,40°57′28″N,100°17′30″E,,,,,,,,,,,,,,,,,,
中国,风云四号气象卫星,中国气象局国家卫星气象中心,,,,,,,,,,,,,,,,,,,,,,,,
美国,DMSP国防气象卫星,洛克希德·马丁公司,2006年11月4日,加利福尼亚，范登堡,846×850公里(526×528英里)，轨道倾角98.8°(太阳同步轨道),德尔塔Ⅳ-中型,,,,,线性扫描业务系统(OLS)图像仪，传感微波成像仪／声波探深器(SSMIS)，传感微波电子分光仪(SSJ5)，传感微波电子闪烁器(SSIFS3)，传感微波磁力计(SSM)，激光反恐报警传感器结构尺寸约1.2米×6.4米(3.9英尺×21英尺)，展开状态,,,,,,,,,,,,,,,
美国,DIRECTV,波音空间和情报系统公司,2007年7月7日,哈萨克斯坦，拜科努尔,102.8°W(GEO),质子号/微风M加强型,,,,,,,,DIRECTV10有效载荷44部Ka波段转发器结构尺寸8米×3.7米×33米(26.2英尺×12.1英尺×10.8英尺),,,,,,,,,,,,
阿根廷,阿根廷商业人造卫星通信系统,法国宇航公司,1997年1月30日,法属圭亚那，库鲁,71.8°W(GEO),阿丽亚娜44LP,,,,,18个Ku波段转发器结构尺寸1.6米×1.5米×2.2米(5.4英尺×4.8英尺×7.2英尺),,,,,,,,,,,,,,,
中国,环境1号,中国航天科技集团公司东方红卫星公司,2008年9月6日,太原卫星发射中心,,“长征二号丙”运载火箭,38°50′56.71″N,111°36′30.59″W,,,,,,,,,,,,,,,,,,
英国,ERS欧洲遥感勘测卫星,EADS阿斯特里厄姆公司,1991年7月17日（ERS-1）,法属圭亚那，库鲁,784千米(487英里)，轨道倾角98.6°，太阳同步轨道,阿丽亚娜40,,,,,主动微波设备（AMI），合成孔径雷达（SAR），波散射仪和风散射仪，雷达高度计(RA)，沿轨扫描辐射计与微波探测器(ATSR-M)，全球臭氧监视实验设备（GOME），激光回射器（LRR），精确距离和距离变化率测量设备(PRARE)。结构尺寸2米×2米×3米,,,,,,,,,,,,,,,
印度,INSAT印度国内卫星,ISRO／ISRO卫星中心,2007年3月11日,法属圭亚那，库鲁,93.5°E（GEO）,阿丽亚娜5-ECA,,,,,12C波段结构尺寸3.1米×1.8米×2米（10.2英尺×5.8英尺×6.6英尺）,,,,,,,,,,,,,,,
美国,天狼星国际通信卫星,美国休斯空间和通信公司(现在的波音公司),1998年10月5日,法国圭亚那，库鲁,5°E(GEO),阿丽亚娜44L,,,,,15个Ku波段转发器结构尺寸22米×33米(7.1英尺×10.9英尺),,,,,,,,,,,,,,,
美国,尤里西斯,多尼尔(Dornier)公司,1990年10月6日,佛罗里达州，肯尼迪航天中心,太阳轨道，2亿×8亿800万公里(1亿2460万×5亿200万英里)，轨道倾角79.1°,“发现”号航天飞机(STS一41),28°30′N,80°42′W,,,矢量氦磁力计／磁门磁力计(VHM／FGM)，太阳极点太阳风观测器(SWOOPS)，太阳风离子成分分光计(SWICS)，标准无线电和等离子波勘测仪(URAP)，带电粒子成分／星际惰性气体实验设备EPAC／GAS)，日光层光谱、成分和各向异性低能量实验设备(HI-SCALE)，宇宙射线和太阳粒子勘测设备(COSPIN)，伽马射线暴实验设备(GRB)，宇宙尘设备(DUST)。结构尺寸3.2米×3.3米×2.1米(10.5英尺×10.8英尺×6.9英尺),,,,,,,,,,,,,,,
苏/俄,Glonass 全球导航卫星系统,俄罗斯雷席特涅夫应用机械研究与生产联合会,2006年12月24日,哈萨克斯坦，拜科努尔发射场,19100公里(11868英里)，轨道倾角64.8°,质子K,,,,,L波段发射器；Ku波段转发器结构尺寸24米×3.7米(7.9英尺×121英尺),,,,,,,,,,,,,,,
中国,长征七号运载火箭,中国航天科技集团公司,,海南航天发射场,,,,,,,近地轨道13.5吨，700千米太阳同步轨道5.5吨。,,3.35米,,,(4分),,,,,,,,,,
苏/俄,进步M 宇宙飞船,RSC Energia公司,2000年2月1日,哈萨克斯坦拜科努尔,最高460公里(286英里)，轨道倾角51.6°,联盟U或联盟FG,,,,,压力运输舱（固体），1800千克（3960磅）；水，最多300千克(660磅)；空气或氧气，40千克(88磅)；推进器燃料，最多1950千克(4290磅）。结构尺寸7.2米×2.7米(23.7英尺×8.9英尺),,,,,,,,,,,,,,,
中国,遥感卫星3号,中国航天科技集团公司,2007年11月12日6时48分,太原卫星发射中心,,“长征四号丙”运载火箭,38°50′56.71″N,111°36′30.59″W,,,,,,,,,,,,,,,,,,
苏/俄,质子号 重型运载火箭,,,,,,,,,58.2米,,,4.2米,,,,,,,,,,,,,
苏/俄,联盟TMA宇宙飞船,RSC Energia公司,2002年10月30日,哈萨克斯坦，拜科努尔,最高400公里(250英里)，轨道倾角51.6°,“联盟”号,,,,,2或3位宇航员，最多100千克(220磅)货物。结构尺寸6.9米×2.7米(22.6英尺×8.9英尺）,,,,,(5分),,,,,,,,,,
中国,实践一号卫星,,,酒泉卫星发射基地,,长征一号运载火箭,,,,1米,,1971年3月3日,,,,,卫星星体是直径1米的近球形72面体,,,,,,,,,
日本,N-Ⅰ/N-Ⅱ型运载火箭,三菱重工,,日本，种子岛,,,,,,30.4米,,"1975年9月9日(N-1),981年11月2日(N-Ⅱ)",2.4米,,,,,,,,,,,,,
美国,德尔塔4(DeltaⅣ)运载火箭,波音公司,2004年12月21日,佛罗里达州，卡纳维拉尔角；加利福尼亚州，范登堡,,,,,,70.7米,近地轨道有效载荷23040千克，地球静止转移轨道有效载荷13130千克,,5米,,,,,,,,,,,,,
苏/俄,天箭号运载火箭,NPO Mashinostroyentya,2003年12月5日,"俄罗斯,斯沃博德内,哈萨克斯坦,拜科努尔",,,,,,26.7米,1700千克,,2.5米,,,,,,,,,,,,,
中国,神舟三号飞船,中国航天科技集团公司,2002年3月25日22时15分,酒泉卫星发射中心,,长征二号F运载火箭,40°57′28″N,100°17′30″E,,,,,,,,,,,,,,,,,,
苏/俄,N-1(G-1e/SL-15)运载火箭,OKB-1(Korolev／NPO Energia),,俄罗斯，拜科努尔,,,,,,105米,,1969年2月21日,17米,,,,,,,,,,,,,
中国,遥感卫星15号,上海航天技术研究院,2012年5月29日15时31分,太原卫星发射中心,,长征四号丙,,,,,,,,,,,,,,,,,,,,
苏/俄,普列谢茨克航天发射基地（Plesetsk）,,,Emtsa河以北方大量湖泊中相对平坦的西伯利亚针叶林地带,,“东方2号”,北纬62.7°,东经40.3°,,,,,,,,,,,,,,,,,,
美国,太阳辐射和气候实验卫星(SORCE),轨道科学公司,2003年1月25日,佛罗里达州，卡纳维拉尔角(空中发射),645公里（401英里），轨道倾角40°。,人马座XL,28 ° 24'N,80 ° 37 W,,,全幅照度监视器（TIM），太阳恒星照度比较实验设备（SOLSTICE），光谱照度监视器（SIM），远紫外线光度计系统（XPS）。结构尺寸1.6米×1.2米(5.2英尺×3.8英尺),,,,,,,,,,,,,,,
中国,长征运载火箭,中国运载火箭技术研究院,1996年2月14日,中国，西昌(长征2E、长征3号、长征3B)；中国，酒泉(长征2C、长征2D、长征2F)；中国，太原(长征4号)；酒泉,,,,,,54.8米,近地轨道有效载荷11200千克地球静止转移轨道有效载荷5100千克,,3.4米,,,,,,,,,,,,,
美国,国际通信卫星公司,EADS阿斯特里厄姆公司,2004年6月16日,哈萨克斯坦，拜科努尔发射场,,质子／微风M,,,,,,,,Inteisat10-02有效载荷7C波段结构尺寸7.5米×2.9米×2.4米（24.6英尺×9.5英尺×7.9英尺）,,,,,,,,,,,,
中国,中国国家航天局(CNSA),,,,,,,,,,,,,,,,,,,,,,,,,
法国,红外线宇宙天文台（ISO）,法国宇航公司,1995年11月17日,法属圭亚那、库鲁,1038千米×70578千米(645英里×43856英里)，倾角5.2°,阿丽亚娜44P,,,,,ISO照相机(ISOCAM)，ISO光度仪(ISOPHOT)，短波长光谱仪(SWS)，长波长光谱仪(LWS)结构尺寸5.3米×3.6米×2.8米(17.4英尺×11.8英尺×9.2英尺),1995年11月17日,,,,,,,,,,,,,,
中国,太原卫星发射中心,,,,,,北纬38度50分56.71,东经111度36分30.59,,,,,,,,,,,,,,,,,,
中国,东方红四号,中国空间技术研究院,2006年,,,,,,,,,,,,,,,,,,,,,,,
以色列,地平线（Ofeq）卫星系统,以色列航天工业公司,2007年6月10日,以色列，帕勒马希姆发射场,340公里×575公里,沙维特2号,,,,,全色成像摄像机。结构尺寸1.2米×3.6米,,,,,,,,,,,,,,,
中国,东方红五号,中国航天科技集团,,,,长征五号运载火箭,,,,,1200-1500千克,,,,,,,,,,,,,,,
合作开发,阿丽亚娜5号,EADS航天运输公司，欧洲空间局，亚利安公司,1996年6月4日,法属圭亚那,,,,,,57.7米,地球静止转移轨道有效载荷9600千克,,5.4米,,,,,,,,,,,,,
美国,流浪者7号 飞行器,喷气推进实验室,1964.年7月28日,佛罗里达州，卡纳维拉尔角,逃逸轨道,阿特拉斯—阿金纳B,80°39'6.68W,28°35'11.35N,,,6架电视摄像机。结构尺寸3.6米×1.5米(11.8英尺×5英尺),,,,,,,,,,,,,,,
中国,长征六号运载火箭,中国运载火箭技术研究院,,,,,,,,29.2米,,,2.25米,,,,,,,,,,,,,
美国,哈勃太空望远镜,洛克希德公司,1990年4月25日,佛罗里达，肯尼迪航天中心,613千米×620千米(381英里×385英里)，倾角28.5°,“发现者”号航天飞机(STS-31),,,,13.3米,,1990年4月25日,4.3米,,,,,,,,,,,,,
美国,斯必泽（Spitzer）太空望远镜,洛克希德马丁空间系统公司,2003年8月25日,佛罗里达州，卡纳维拉尔角,地球拖尾日心轨道，14900万公里×15240万公里(9260万英里×9470万英里)，轨道倾角1.1°,德尔塔Ⅱ7920H,,,,,红外分光光谱仪(IRS)，Spitzer多波段图像测光仪(MIPS)，红外探测组照相机(IRAC)结构尺寸4.5米×2.1米(14.6英尺×6.9英尺),2003年8月25日,0.8米,,,,,,,,,,,,,
苏/俄,地平线（Gorizont）通信卫星,NPOPM,2000年6月6日,俄罗斯，普列谢茨克,145°E(GEO),质子K,,,,,6部C波段转发器，1部Ku波段转发器，1部L波段转发器结构尺寸5.5米×2.2米(17.9英尺×10.8英尺),,,,,,,,,,,,,,,
中国,实践2号卫星,中国航天科技集团公司,1981年9月20日,,倾60°,,,,,,,,,,,,,,,,,,,,,
卢森堡,ASTRA(国际)通信卫星,洛克希德·马丁商业空间系统,2007年5月4日,法属圭亚那，库鲁,19.2°E（GEO）,阿丽亚娜5—ECA,,,,,29部Ku波段转发器，两部Ka波段转发器结构尺寸7.7米×26米×3.6米(25.3英尺×8.6英尺×11.9英尺),,,,,,,,,,,,,,,
苏/俄,织女（Vega）哈雷彗星探测器,拉沃契金设计局,1984年12月15日(Vega 1)；1984年12月21日(Vega 1),哈萨克斯坦，拜科努尔,太阳轨道,质子D-1-e,北纬45度37分41.63秒,东经63度18分16.42″秒,,,质谱仪，气体色谱仪，湿度计，伽玛射线分光计，红外线分光计，x射线荧光分光计和钻孔机，浊度计／散射仪，温度和压力传感器，空气溶胶分析器电视系统(TVS)，红外线分光计(IKS)，二通道(紫外线、可见光和红外线)分光计(TKs)，尘埃质谱仪(PuMA)，尘埃微粒计数器(SP)，中性气体质谱仪(ING)，等离子能量分析仪(PLASMAG)，高能粒子分析仪(TUNDE-M)，磁力计(MISCHA)，波形和等离子分析仪(APV-N)，高能粒子(MSU-TASHD)温度和压力传感器，垂直风场风速计，浊度计，亮度级传感器。结构尺寸2.5米×3米,,,,,,,,,,,,,,,
美国,全球星近地轨道通信星座,泰利斯·阿莱尼亚航天公司,2007年5月30日,哈萨克斯坦，拜科努尔,920公里(572英里)，轨道倾角52°,联盟号／Fregat,,,,,C波段“蜂窝”，16个L波段“蜂窝”，16个S波段“蜂窝”结构尺寸0.6米×1.5米×1.6米(2英尺×4.9英尺×5.2英尺),,,,,,,,,,,,,,,
合作开发,BepiColombo,EADS阿斯特里厄姆公司、日本宇宙航空研究开发机构,2015年8月15日,哈萨克斯坦，拜科努尔,,联盟2-1B/Fregat-M,,,,,,2022年1月,,,,,,,,,BepiColombo激光高度计，意大利弹簧加速度计，水星磁力计，水星热能红外线分光计，水星伽马射线和中子分光计，水星图像X射线分光计，Hermean外大气层探测紫外线分光计，外层大气中子发出和补充量研究设备，MPO BepiColombo分光计和绘图仪，太阳强度X射线分光计。,水星磁力计，水星等离子粒子试验设备，水星钠大气光谱绘图仪，水星尘埃监视器。,,,,
美国,米诺陶运载火箭/人牛怪运载火箭,轨道科学公司,,"加利福尼亚州,范登堡,佛罗里达州,卡纳维拉尔角,弗吉尼亚州,瓦罗普斯岛,阿拉斯加州,科迪亚克岛",,,,,,19.2米,580千克,2000年1月27日,1.7米,,,,,,,,,,,,,
美国,TDRS通信卫星,波音卫星系统公司,2002年12月5日,佛罗里达州，卡纳维拉尔角,40.9°W(GFO),阿特拉斯ⅡA,,,,,S波段转发器，Ku波段转发器，Ka波段转发器，导航包结构尺寸3.4米×3.4米×8.4米(11.7英尺×11.7英尺×21.7英尺),,,,,,,,,,,,,,,
美国,GOES地球同步运行环境卫星,波音空间和智能系统公司,2006年5月24日,"佛罗里达州,卡纳维拉尔角",西经105°(地球H步轨道),德尔塔IV,,,,,太阳X射线成像仪，探测器，空间环境监视器，数据收集系统，研究和救援用异频雷达收发机。结构尺寸4.2米×1.9米,,,,,,,,,,,,,,,
英国,TopSat试验地球成像卫星,英国萨里卫星技术公司，奎内蒂克公司,2005年10月27日,俄罗斯，普列谢茨克航天发射场,686公里(426英里)，倾角98°(太阳同步轨道),宇宙3M火箭,,,,,卢瑟福一阿普尔顿实验室高性能照相机(RALCam1)结构尺寸0.8米×0.9米×0.9米(2.6英尺×2.8英尺×2.8英尺),,,,,,,,,,,,,,,
法国,极地冰盖探测卫星（Cryosat）,EADS阿斯特里厄姆公司,2005年10月8日,"俄罗斯,普列谢茨克","717公里（446公里）,轨道倾角92°",呼啸号,,,,,两部SAR／干涉测量雷达高度计(SIRAL)，7部激光回射（LRR），多普勒轨道确实和无限电定位组合系统（DORIS）。结构尺寸4.6米×2.3米×2.2米,,,,,,,,,,,,,,,
美国,Aqua,TRW(现为诺斯罗普，格鲁曼公司),2002年5月4日,"加利福尼亚州,范登堡","699公里×706里(434英里×438英里),轨道倾角98°,太阳同步轨道",德尔塔II—7920,,,,,"大气红外线探测器（AIS），中等分辨率分光辐射度计(MODIS)，先进微波探测单元(AMSU)，云层和地球辐射能量系统（CERIS），地球观测卫星先进微波扫描辐射计（AMSR-E）,巴西湿度探测器(HSB)。结构尺寸2.7米×2.5米×6.5米",,,,,,,,,,,,,,,
日本,朱雀天文卫星,日本宇宙航空研究开发机构——宇宙科学研究所,2005年7月10日,日本，鹿儿岛航天中心,运行，562公里×573公里(349英里×356英里)，倾用31.4°,M-V-6,31°14′N,131°04′45″E,,,X射线微热量观测仪（XRS），硬X射线探测器(XRD)，4台X射线成像光谱仪(XIS)结构尺寸5米×2米(16.4英尺×6.6英尺),,,,,,,,,,,,,,,
中国,资源3号卫星,中国航天科技集团公司,2012年,太原卫星发射中心,太阳同步圆轨道,长征四号乙运载火箭,,,,,,,,,,,,,,,,,,,,
美国,轨道快车卫星,波音幻影工厂，巴尔航天公司,2007年3月8日（运载火箭），2007年3月8日（航天器）,佛罗里达州，卡纳维拉尔角,490公里×498公里,大力神(阿特拉斯V 401),,,,,自主对接和捕获探测器；捕获子系统；机械手系统，被动俘获机械系统；传感器系统目标；交联通信装置；流体转移子系统。结构尺寸1.8米×1.8米（ASTRO运载火箭），1米×1米（NextSat航天器）,,,,,,,,,,,,,,,
意大利,AGILE,意大利卡罗·加瓦兹空间公司,2007年4月23日,印度，斯里哈里科塔,550公里(341.8英里)，倾角2.5°,“极轨卫星运载器”(PSLV),,,,,伽玛射线成像探测器(GRID)，硬X射线成像探测器(超级AGILF)，迷你热量计(MC)。结构尺寸1.7米×1.7米×2.6米(5.5英尺×5.5英尺×8.6英尺)(包括太阳能电池帆板的长度),,,,,,,,,,,,,,,
日本,隼（Hayabusa，Muses-C）近距离观测任务,日本空间和宇航科学研究院,2003年5月9日,日本，鹿儿岛,太阳轨道，小行星轨道（可变）,M-V-5,,,,,小行星多光谱带摄像机（AMICA），光探测和定位设备(LIDAR)，近红外线分光计（NIRS），X射线荧光分光计(XRS)。结构尺寸1.5米×1.5米×1.1米,2003年5月9日,,,,,,,,,,,,,,
苏/俄,金星9号,拉沃契金设计局,1975年6月8日,哈萨克斯坦，拜科努尔,1500公里×111700公里(932英里×69410英里)圆形轨道，倾角34.1°。,质子D-1-e,北纬46 度,东经63度,,,电视图像系统，紫外线图像分光计，红外线辐射计，照相偏振测量仪，磁力计，离子/电子探测器，激光分光计。结构尺寸28米×6.7米(9.2英尺×22英尺)太阳能电池板展开。,,,,,,,,,,,,,,,
美国,美国太空港（Spaceport America，原名西南部太空港）,维珍银河公司与新墨西哥州联合投资,2006年9月25日,阿哈姆,,,北纬33°,西经107°,,,,,,,,,,,,,,,,,,
合作开发,织女星,ELV SpA公司,,法属圭亚那，库鲁,,,,,,30.2米,2000千克(4400磅),2008年,3米,,,,,,,,,,,,,
苏/俄,月神17号,拉沃契金设计局,1970年11月10日,哈萨克斯坦，拜科努尔,110公里圆形轨道，倾角70°,质子D-1一e,北纬49°53’,东经73°07’,,,两部电视摄像机，4部高清晰度光度计，X射线分光计，透度计，激光反射器，无线电探测器，X射线望远镜，里程表/速度计。,,,,,,,,,,,,,,,
瑞典,SMART-1（小型先进技术研究任务1号）,瑞典空间公司（SSC）,2003年9月27日,法属圭亚那，库鲁,471公里×2880公里(293英里×1790英里)，轨道倾角90.06°,阿丽亚娜5号,,,,,先进月球成像实验设备（AMIE），压缩影像展示X射线分光计/X射线太阳监视器（D-CIXS/XSM），航天器电势、电子与尘埃实验设备（SPEDE），SMART-1红外线分光计（SIR），Ka波段TT&C实验设备（KaTE），星载自主导航装置（OBAN），激光链路，电推进诊断组件（EPDP）。结构尺寸1.2米×1.2米×0.9米(3.8英尺×3.8英尺×3.1英尺),,,,,,,,,,,,,,,
英国,“环境间谍”（Envisat）,EADS阿斯特里厄姆公司,2002年3月1日,法属圭亚那，库鲁,784千米(487英里)，轨道倾角98.5°，太阳同步轨道,阿丽亚娜5G,,,,,先进合成孔径雷达（ASAR），先进沿轨扫描辐射计（AATSR），中等分辨率成像分光计(MERIS)，先进雷达高度计(RA-2)，微波辐射计(MWR)，麦克耳逊干涉被动大气探测仪（MIPAS），大气层制图扫描成像吸收频谱仪(SCIAMACHY)，掩星法监测全球臭氧仪（GOMOS），卫星综合多普勒轨道制图和无线电定位仪(DORIS)，激光回射器(LRR)。结构尺寸10.5米×4.6米,,,,,,,,,,,,,,,
合作开发,水瓶座,阿根廷航天局,2009年,"加利福尼亚州,范登堡","657公里(408英里),轨道倾角98°,太阳同步轨道",德尔塔II-7320,,,,,微波辐射计(MWR)，新型红外扫描辐射计(NIRST)，“水瓶座”L波段辐射计／散射计，高灵敏度摄像机(HSC)，射电星掩大气探测其(ROSA)，CARMEN-1辐射监视器--轨道碎片／微小陨石探测器，轨道确定技术验证工具包(TDP)。,,,,,,,,,,,,,,,
美国,冰云和地面高度卫星,巴尔航天公司,2003年1月12日,"加利福尼亚州,范登堡",593公里×610公里(368英里×379英里)94°,德尔塔II 7320,,,,,地球科学激光测高系统(GLAS)，两部BlackJackGPS接收机。结构尺寸1.9米×1.9米×3.1米,,,,,,,,,,,,,,,
中国,神舟五号,中国航天科技集团公司,,酒泉卫星发射中心,近地点200千米、远地点350千米、倾角42.4°初始轨道，实施变轨后，进入343km的圆轨道,长征2号F（遥五）,40°57′28″N,100°17′30″E,,8.86米,,近地点200千米、远地点350千米、倾角42.4°初始轨道。实施变轨后，进入343km的圆轨道,,,,,,,,,,,,,,
美国,磁尾探测卫星,日本空间和宇航科学研究院,1992年7月24日,佛罗里达州，卡纳维拉尔角,57400公里×191340公里,德尔塔2号6925,,,,,电场探测器(EFD)，磁门磁力计(MGF)，低能量粒子实验设备(LEP)，综合等离子研究设备(CPI)，高能量粒子实验设备(HEP)，带电粒子和离予组成实验设备(EPIC)，等离子波研究设备(PWI)。结构尺寸2.2米×1.6米,,,,,,,,,,,,,,,
印度,IRS（印度遥感勘测卫星）,印度空间研究组织,1996年3月21日,印度，斯里哈里科塔,45922公里×620公里(28535英尺×620英里)90.01°,,,,,,大视场传感器(WiFS)，光电子扫描仪(MOS)，X射线天文学有效载荷(XRAP)结构尺寸1.6米×1.6米×1.1米(5.2英尺×5.2英尺×3.6英尺),,,,,,,,,,,,,,,
合作开发,日出（Hinode，Solar-B）太阳观测卫星,三菱电机株式会社,2009年9月23日,日本，鹿儿岛，内之浦航天中心,674公里×695公里(420英里×435英里)，轨道倾角98.1°(太阳同步轨道),M-V-7运载火箭,,,,,太阳光学望远镜(SOT)，远紫外线成像分光计(EIS)，太阳X射线望远镜(SXT)。结构尺寸1.6米×1.6米×1.4米（5.2英尺×5.2英尺×4.6英尺）,,,,,,,,,,,,,,,
中国,中星（ChinaSat)通信卫星,泰利斯·阿莱尼亚航天公司,2007年7月5日,中国，两昌,115.5°E（GEO）,长征3B,,,,,38部C波段转发器,,,,,,,,,,,,,,,
中国,神舟六号载人飞船,中国航天科技集团公司,2005年10月12日上午9:00,酒泉卫星发射中心,,长征2号F（遥六）,40°57′28″N,100°17′30″E,,,,,,,,,,,,,,,,,,
美国,月球大气与风尘环境探测器,美国国家航天局,美国东部时间6日23时27分(北京时间2013年11月7日11时27分),瓦勒普斯岛美国航天局基地,,“弥诺陶洛斯V”火箭,,,,,,,,,,,高2.37米、宽厚均为1.85米,,,,,,,,,
比利时,PROBA卫星,比利时维赫特(Verhacrt)公司,2001年10月22日,印度斯里哈里科塔航天中心,550公里×670公里(342英里×416英里)，倾角98.75°(太阳同步轨道),印度C3系列PSLV运载火箭,,,,,小型高分辨率成像分光仪(CHRTS)，碎片评估器(DFBIF)，标准辐射环境监视器(SREM)，微型辐射监视器(MRM)，广角照相机(WAC)结构尺寸0.6米×0.6米×(0.8米(2英尺×2英尺×2.6英尺),,,,,,,,,,,,,,,
中国,文昌卫星发射中心,,,,,,19°37′46.71″N,110°56′32.54″E,,,,,,,,,,,,,,,,,,
日本,月亮女神（SELENE，Kaguya）,日本宇宙研究航空开发机构,2007年9月14日,日本，种子岛,100公里（62英里），圆型极轨道,H IIA 2022,,,,,高清电视系统，X射线分光计，伽马射线分光计，多波段成像仪，光谱廊线仪，地形摄像机，激光高度计，月球雷达探测器，带电粒子分光计，等离子能量角度和成分实验设备，高层大气和等离子成像仪，月球磁力计。结构尺寸2.1米×2.1米×4.8米(6.9英尺×6.9英尺×15.7英尺),,,,,,,,,,,,,,,
美国,阿特拉斯1号-3号,通用动力公司(现在的洛克希德—马丁公司),1993年12月16日,佛罗里达州，卡纳维拉尔角,"近地轨道(LEO),地球静止转移轨道",,,,,24.9米,,,3.3米,,,,,,,,,,,,,
中国,神舟二号飞船,中国航天科技集团公司,2001年1月10日1时0分3秒,酒泉卫星发射中心,距地球表面高度近地点为200公里、远地点为340公里的椭圆轨道,长征二号F,40°57′28″N,100°17′30″E,,,,,,,,,,,,,,,,,,
日本,“向日葵”气象卫星,NFC／休斯空间和通信公司,1995年3月18日,日本，种子岛,东经140°(地球静止转移轨道),H-Ⅱ3F,,,,,可见光和红外线旋转扫描辐射计(VISSR)；搜索和救援中继。结构尺寸2.2米×3.5米,,,,,,,,,,,,,,,
美国,德尔塔2,麦克唐纳-道格拉斯公司/波音公司,1960年5月13日,佛罗里达州，卡纳维拉尔角；加利福尼亚州，范登堡,,,,,,39米,,,2.4米,,,,,,,,,,,,,
合作开发,詹姆斯·韦伯空间望远镜（JWST）,TRW公司,2013年,法属圭亚那，库鲁,L2拉格朗日点，halo,阿丽亚娜5ECA,,,,,中红外仪（MIRI），近红外照相机(NIRCam)，近红外分光仪(NIRSpec)，精细制导传感器／可调滤波成像仪(FGS／TFI）结构尺寸22米×12米(72英尺×39英尺），加防护罩,,6.5米,,,,,,,,,,,,,
美国,水手10号（Mariner10）飞行器,喷气推进实验室,1973年11月3日,佛罗里达州，卡纳维拉尔角,太阳轨道,阿特拉斯—半人马座34,28 ° 24'N,80 ° 37 W,,,电视图像系统，紫外线分光计，红外线辐射计，紫外线造影分光计，太阳等离子分析仪，带电粒子望远镜，两部磁力计。结构尺寸1.4米×0.5米(4.6英尺×1.5英尺),,,,,,,,,,,,,,,
美国,新地平线,约翰.霍普金斯大学应用物理实验室,2006年1月19日,佛罗里达州，卡纳维拉尔角,逃逸轨道,阿特拉斯V-551(装备“半人马座”上面级和STAR-48B第三级),,,,,ALICE紫外线成像分光计，远程勘测成像仪（LORRI），RALPH成像系统，冥王星太阳风设备(SWAP)，冥王星高能粒子分光计科学研究设备(PEPSSI)，学生尘埃计数器(SDC)。结构尺寸0.7米×2.1米×2.7米(2.3英尺×6.9英尺×9.0英尺),,,,,,,,,,,,,,,
美国,中间层冰云高层大气物理学研究卫星,轨道科学公司,2005年4月25日,加利福尼亚州，范登堡,600公里（373英里），轨道倾角97.7°太阳同步轨道,飞马座XL,34°43′47″N,120°34′37″W,,,云层成像和粒子尺度仪（CIPS），冰层日光隐蔽实验设备（SOFIE），宇宙尘。结构尺寸1.4米×1.1米(4.6 英尺×3.6英尺）,,,,,,,,,,,,,,,
美国,水手4号,喷气推进实验室,1964年11月28日,佛罗里达州，卡纳维拉尔角,太阳轨道,阿特拉斯—阿金纳D,80°39'6.68'' W,28°35' 11.35''N,,,电视图像系统，宇宙尘探测器，宇宙射线望远镜，电离舱，磁力计，受限辐射侦测器，太阳等离子探测器。结构尺寸1.4米×2.9米(4.5英尺×9.5英尺),,,,,,,,,,,,,,,
英国,黑箭（Black Arrow）运载火箭,桑德斯·罗(saundersRoe)公司／英国皇家航空研究院,1969年6月27日,澳大利亚，伍默拉,,,,,,13米,,,2米,,,,,,,,,,,,,
合作开发,资源1号卫星,中国资源卫星应用中心，巴西空间研究院,1999年,,,,,,,,,,,,,,2000×1800×2250mm3,,,,,,,,,
中国,遥感卫星6号,上海航天技术研究院,2009年4月22日10时55分,太原卫星发射中心,,“长征二号丙”运载火箭,,,,,,,,,,,,,,,,,,,,
英国,天网5（Skynet 5）军事通信卫星,欧洲EADS阿斯特里厄姆公司,2007年3月11日,法属圭亚那，库鲁,1°W（GEO）,阿丽亚娜5ECA,,,,,12C波段。结构尺寸4.5米×2.9米×3.7米,,,,,,,,,,,,,,,
美国,卡西尼,NASA喷气推进实验室,1997年10月15日,佛罗里达州，卡纳维拉尔角,,大力神IVB-半人马座,,,,,复合红外线分光计（CIRS），图像科学子系统（ISS），紫外线图像分光计(UVIS），可见光及红外线绘图分光计(VIMS)，Cassini等离子分光计（CAPS），宇宙尘埃分析仪（CDA），离子及中子质谱仪(INMS)，磁力计（MAG），磁力圈成像设备（MIMI），无线电和等离子波科学实验设备(RPWS)，Cassini雷达结构尺寸6.8米×4米,2004年7月1日,,,,,,,,,,,,,,
苏/俄,月球车2号,,1959年9月12日,,,,,,,,,,,,,,高1.35米，长1.7米，宽1.6米,,,,,,,,,
美国,罗塞塔/菲莱彗星轨道卫星／登陆器,EADS阿斯特里厄姆公司,2004年4月2日,法属圭亚那，库鲁,太阳轨道，彗星轨道卫星(可变轨道),阿丽亚娜5G+,,,,,,,,,,,2.8米×2.1米×2.0米(9.2英尺×6.9英尺×6.6英尺),,,,,,紫外线成像分光计(ALICE)，彗核无线电波探洲实验设备(CONSERT)，彗星次级粒子质量分析仪(COSIMA)，颗粒碰撞分析仪和尘埃收集器(GIADA)，微型成像尘埃分析系统(MIDAS)，“罗塞塔”轨道卫星微波设备(MIRO)，光学、分光计和红外线远程成像系统(OSIRTS)，“罗塞塔”轨道卫星离子和中子分析分光计(ROSINA)，可见光和红外线热成像分光计(VIRTIS)，“罗塞塔”等离子体组合仪器(RPC)。,明确稳定同位素成分轻元素确定与认识方法／托勒密实验设备(MODULUS／Ptolemv)，阿尔法粒子与X射线分光计(APXS)，全景和显微成像系统(CIVA，即彗核红外与可见光分析仪)，彗星采样与成分实验设备(COSAC)；微波发射彗核探测实验设备(CONSERT)，表面与亚表面科学多用途传感器(MUPUS)；表面电、震动与声学监测实验设备(SESAME)；“罗塞塔”着陆器成像系统(ROLIS)，“罗塞塔”着陆器磁强计与等离子体监测仪(ROMAP)，样品与分发装置(SD2)。,,
法国,钻石运载火箭,法国弹道导弹研究制造公司／法国航天局,,阿尔及利亚，汉马吉尔；法属圭亚那，库鲁,,,,,,23.5米,,1965年11月26日(“钻石A”)；1970年3月10日(“钻石B”)；1975年2月6日(“钻石BP4”）,1.4米,,,,,,,,,,,,,
合作开发,TRMM热带降雨测量任务卫星,NASA哥达德航天中心,1997年10月28日,日本，种子岛,403公里(250英里)，倾角35°,H-ⅡF6,,,,,测雨雷达(PR)，微波成像仪(TMI)，云和地球辐射能量系统(CERES)，闪电成像传感器(LIS)，可见光和红外扫描仪(VIRS)结构尺寸5米×3.5米(16.4英尺×11.5英尺),,,,,,,,,,,,,,,
美国,起源号可膨胀式空间飞行器（Genesis）,毕格罗航天公司,2006年年7月12日,俄罗斯，杜巴罗夫斯基/耶斯尼,550公里，轨道倾角64°,第聂伯,,,,,,,,光子M3有效载荷“基因盒子”；生命科学实验设备；个人物品和照片。结构尺寸4.4米×2.5米,,,,,,,,,,,,
中国,遥感卫星8号,,,,,,,,,,,,,,,,,,,,,,,,,
法国,库鲁发射场（Centre Spatia1Guyanais，圭亚那太空中心）,,1968年4月,法属圭亚那中部的库鲁地区,,“钻石号“运载火箭,北纬5.2°,东经52.8°,,,,1970年3月,,,,,,,,,,,,,,
美国,宇宙背景探测器（COBE）,NASA戈达德航天飞行中心,1989年11月18日,加利福尼亚州，范登堡,900公里（559英里，）倾角99°,德尔塔A 5920,北纬34度44分57.34秒,西经120度31分2.37秒,,,漫射红外线背景实验，差比微波辐射仪，远红外完全分光计结构尺寸2.5米×4.9米,,,,,,,,,,,,,,,
日本,J-1运载火箭,日产公司,1996年2月11日,日本，种子岛,,,,,,33.1米,,,1.8米,,,,,,,,,,,,,
美国,水手2号（Mariner 2）,喷气推进实验室,1962年8月27日,佛罗里达州，卡纳维拉尔角,太阳轨道,阿特拉斯—阿金纳B,,,,,微波辐射计，红外线辐射计，磁通门磁力计，宇宙尘探测器，太阳等离子光谱仪，高能粒子探测器。结构尺寸3米×5米(9.9英尺×16.5英尺)，包括天线和展开的太阳能电池板,,,,,,,,,,,,,,,
中国,神舟七号,中国航天科技集团公司,2008年9月25日21点10分04秒,酒泉卫星发射中心,,长征二号F火箭,40°57′28″N,100°17′30″E,,9.19米,,,,,,,,,,,,,,,,
美国,伽利略号轨道卫星,NASA喷气推进实验室,1989年10月18日,佛罗里达州，卡纳维拉尔角,,“平特兰蒂斯”号航天飞机,,,,,固态成像设备（SSI），近红外线测绘分光计（NIMS），紫外线分光计和远紫外线分光计(UVS／EUVS)，照相偏振测量仪—辐射计(PPR)，磁力计（MAG），带电粒子探测器（EPD），等离子探测器（PLS），等离子波分光计(PWS)，重离子计数器(HIC)，尘埃探测系统（DDS）。结构尺寸高5.3米,1989年10月18日,,,,,,,,,,,,,,
美国,云探测卫星,巴尔航天公司,2006年4月28日,"加利福尼亚州,范登堡","705公里(438英里),轨道倾角98.2°,太阳同步轨道",,,,,,云剖面雷达(CPR)。结构尺寸2.5米×2米×2.3米,,,,,,,,,,,,,,,
中国,鑫诺2号,中国航天科技集团公司,2006年10月29日,西昌卫星发射中心,,,,东经92.2度,,,,,,,,,,,,,,,,,,
美国,星尘（Stardust）飞行器,洛克希德·马丁空间系统公司,1999年2月7日,佛罗里达州，卡纳维拉尔角(空中发射),太阳轨道,德尔塔II 7926,28 ° 24'N,80 ° 37 W,,,气凝胶尘埃收集器，彗星和星际尘埃分析仪(CIDA)，导航摄像机(NavCam)，惠普尔防护罩尘埃通量监视器(DFM)。结构尺寸1.7米×0.7米×0.7米(5.6英尺×2.2英尺×2.2英尺),,,,,,,,,,,,,,,
美国,火星奥德赛火星轨道卫星,洛克希德·马丁宇航公司,2001年4月7日,佛罗里达州，卡纳维拉尔角,400公里（249英里)，轨道倾角93.2°,德尔塔Ⅱ7925,,,,,热辐射成像系统（THEMIS），伽玛射线分光计/中子分光计/高能量中子探测器(GRS)，火星辐射环境实验设备(MARIE)。结构尺寸2.2米×1.7米×2.6米(7.2英尺×5.6英尺×8.5英尺),,,,,,,,,,,,,,,
苏/俄,山雀（Parus）卫星,俄岁斯雷席特涅夫应用机械研究与生产联合会,2007年9月11日,俄罗斯，普列谢茨克航天发射场,943公里×1008公里,宇宙3M火箭,,,,,甚高频导航系统，存储和转发通信中继系统。结构尺寸2米×3米,,,,,,,,,,,,,,,
美国,SOHO太阳／太阳风观测卫星,EADS阿斯特厄姆公司,1995年12月2日,佛罗里达州，卡纳维拉尔角,L1平衡点晕轨道,阿特拉斯II-AS,,,,,日冕鉴别摄谱仪（CDS）电荷、元素与同位素分析系统（CELIAS），过热粒子与高能粒子综合分析仪(COSTEP)，远紫外成像望远镜（EIT），高能与相对论性核子及电子实验设备（ERNE），全球低频率振荡监测器(GOLF)，大视角光谱日冕仪(LASCO)，米切尔森一多普勒成像仪／太阳振动探测仪(MDI／SOI)，太阳紫外辐射测量仪(SUMER)，太阳风各向异性探测仪(SWAN)，紫外日冕摄谱仪(UVCS)，太阳红外辐射与重力振荡变化监测设备(VIRGO)。结构尺寸4.3米×2.7米×3.7米(14.1英尺×8.9英尺×12.1英尺),,,,,,,,,,,,,,,
美国,拂晓号探测器,轨道科学公司,2007年9月27日,佛罗里达州，卡纳维拉尔角,太阳轨道,德尔塔2号7925-H,,,,,分幅像机，可见光和红外线分光计，伽马射线和中子分光计。结构尺寸1.6米×1.3米×1.8米,,,,,,,,,,,,,,,
美国,猎鹰运载火箭,SpaceX,2006年3月25日,加利福尼亚州，范登堡；佛罗里达州，卡纳维拉尔角；马歇尔群岛，卡瓦佳林环礁；阿拉斯加，科迪亚克岛；弗吉尼亚州，沃洛普斯岛,,,,,,21.3米,近地轨道有效载荷670千克，地球静止转移轨道有效载荷8700千克,,1.7米,,,,,,,,,,,,,
美国,泰罗斯1号气象卫星,NASA,1960年4月1日,佛罗里达州，卡纳维拉尔角,692公里×740公里(430英里×460英里)，倾角48.4°,雷声—艾布尔,,,,,两架电视照相机。,,,,,,,,,,,,,,,
中国,长征二号运载火箭,中国运载火箭技术研究院,1975年,酒泉卫星发射基地,,,北纬41.11,东经100.316,,49.7米,2000千克。,1975年,3.35米,,,,,,,,,,,,,
美国,阿拉斯加航天基地,阿拉斯加州议会,,,,,北纬57.43°,西经152.33°,,,,,,,,,,,,,,,,,,
苏/俄,月神16号,拉沃契金设计局,1970年9月12日,哈萨克斯坦，拜科努尔,110公里(68.4英里)圆形轨道，倾角70°,质子D-1—e,,,,,电视立体声图像系统，样本采集用遥控机械臂和钻孔机，射线探测器。结构尺寸4米×4米(13.1英尺×13.1英尺),,,,,,,,,,,,,,,
美国,“航行者”飞行器,NASA喷气推进实验室,1977年8月20日（航行者2号）；1977年9月5日（航行者1号）,佛罗里达州，卡纳维拉尔角,逃逸轨道,巨人ⅢE-半人马座,28 ° 24'N,80 ° 37 W,,,图像系统，红外分光计，紫外线分光计，照相偏振测量仪，行星射电天文学设备，磁力计，低能量带电粒子研究设备，等离子粒子研究设备。结构尺寸0.5米×1.8米（1.5英尺×5.8英尺）不包括高频天线。,,,,,,,,,,,,,,,
美国,“科罗娜”卫星,洛克希德空间系统,1959年2月28日,加利福尼亚州，范登堡,210公里×415公里(131英里×258英里)，倾角82.9°,雷声—阿金纳A,,,,,1个或两个焦点平移照相机。结构尺寸5.9米×1.5米,,,,,,,,,,,,,,,
苏/俄,旋风号运载火箭,南方(Yuzhnoye)设计局,,哈萨克斯坦，拜科努尔(旋风2号)；俄罗斯，普列谢茨克(旋风3号),,,,,,39.7米,旋风2号，3200千克(7040磅)；旋风3号，3600千克(7920磅),1967年10月27日(旋风2号)；1977年6月24日(旋风3号),3米,,,,,,,,,,,,,
苏/俄,月球车1号,苏联航天机构,1970年11月17日,拜科努尔发射场,,月球号运载火箭,,,,,,,,,,,高1米35，长2.2米，宽1.6米,,,,,,,,,
美国,太空实验室,麦道航天公司,1973年5月13日,佛罗里达州，卡纳维拉尔角,431公里×434公里(268.1英里×269.5英里)，倾角50°。,土星5号(两级),28 ° 24'N,80° 37 W,,,6架紫外线／x射线望远镜(装备“阿波罗”望远镜)，多光谱摄像机，地球地形摄像机，红外线分光计，多光谱扫描仪，微波辐射计／散射仪和高度计，L波段辐射计，材料加工设备，多功能炉。结构尺寸最大25.3米×6.7米(83英尺×22英尺),,,,,,,,,,,,,,,
合作开发,Thuraya通信卫星,波音公司,2003年7月10日,太平洋,44°E(GEO),Zenit-3SL,,,,,128个L波段转发器，两个C波段转发器结构尺寸7.6米×3.2米×3.4米(24.9英尺×10.5英尺×11.2英尺),,,,,,,,,,,,,,,
美国,TIMED大气观测卫星,约翰·霍普金斯大学应用物理实验室,2001年12月7日,加利福尼亚州，范登堡,625公里(388英里)，轨道倾角74.1°,德尔塔Ⅱ7920,,,,,全球紫外成像仪(GUVI)，太阳极紫外探测仪(SEE)，TIMED多普勒干涉仪(TIDI)，探测大气层的宽带辐射计(SABER)结构尺寸2.7米×1.6米(8.9英尺×5.3英尺),,,,,,,,,,,,,,,
美国,XM Radio通信卫星,波音卫星系统公司,2006年10月30日,太平洋，奥德赛平台,115°W（GEO）,Zenit 3SL,,,,,两个S波段转发器结构尺寸2.0米×3.2米×3.6米（6.6英尺×10.5英尺×11.8英尺）,,,,,,,,,,,,,,,
以色列,沙维特运载火箭,,1988年9月19日,"以色列,帕勒马希姆",,,,,,3.4米,160千克,,1.4米,,,,,,,,,,,,,
美国,威尔金森各向异性探测器,美国宇航局戈达德航天飞行中心,2001年6月30日,佛罗里达州，卡纳维拉尔角,L2拉格朗日点，李萨如轨道,德尔塔Ⅱ7425-10,,,,,两台差比微波辐射仪结构尺寸3.8米×5米,,,,,,,,,,,,,,,
西班牙,Hispasat通信卫星,阿尔卡特航天公司,2002年9月18日,佛罗里达州，卡纳维拉尔角,30°W(GEO),阿特拉斯II AS,,,,,,,,Hispasat 1D有效载荷28部Ku波段转发器结构尺寸2.8米×2.3米×1.8米（9.2英尺×7.5英尺×5.89英尺),,,,,,,,,,,,
中国,实践5号卫星,,1999年5月10日,中国太原卫星发射中心,,长征四号乙火箭,,,,,,,,,,,1.2m×1.1m×1.04m,,,,,,,,,
中国,长征一号运载火箭,中国运载火箭技术研究院,1970年,酒泉卫星发射中心,近地轨道,,,,,29.86米,"300千克(440公里圆轨道, 倾角70度)。",1970年,2.25米,,,,,,,,,,,,,
苏/俄,波浪号,马可耶夫设计局,,巴伦支海上的弹道导弹核潜艇,,,,,,14.1米,120千克(264磅),1995年6月6日,1.8米,,,,,,,,,,,,,
美国, FUSE天文卫星,约翰.霍普金斯大学应用物理实验室,1999年6月24日,佛罗里达州，卡纳维拉尔角,745公里×760公里(463英里×472英里)，倾角25°,德尔塔Ⅱ7320,,,,,远紫外分光探测器分光计。结构尺寸0.9米×0.9米×1.3米(3英尺×3英尺×4.3英尺),,,,,,,,,,,,,,,
苏/俄,上升号多人宇宙飞船（Voskhod）,OKB-1(Korolev),1965年3月18日,哈萨克斯坦，拜科努尔,167公里×475公里(103英里×295英里)，倾角64.8°,上升号(R-7，“月神”第二级),,,,,,,,,,,5米×2.4米(16.4英尺×8英尺),,,,,,,,,
合作开发,HETE-2（高能瞬间探测器2）卫星,麻省理工学院,2000年10月9日,马绍尔群岛，卡瓦加林,598公里×641公里(372英里×399英里)，倾角1.95°,飞马座,,,,,法国伽马望远镜(FREGATE)，广域X射线探测器，软X射线照相机，辐射带探测器(RBM)，全球定位系统(GPS)接收机。结构尺寸0.9米×0.7米(2.9英尺×2.2英尺),,,,,,,,,,,,,,,
美国,IKONOS,洛克希德·马丁空间系统公司,1999年9月24日,范登堡，加利福尼亚州,681千米×709千米（423英里×441英里)98.1°,Athena 2,,,,,光学传感器设备(分辨率为l米的全色摄像机和分辨率为4米的多光谱摄像机)；GPS接收机结构尺寸1.8×1.6米(6×5.1英尺),,,,,,,,,,,,,,,
中国,嫦娥一号,中国空间技术研究院,2007年,西昌卫星发射中心,极月圆轨道,长征三号甲运载火箭,,,,,,,,,,,,,,,,,,,,
合作开发,牛顿X射线多镜望远镜,多尼尔卫星系统公司,1999年12月10日,法属圭亚那，库鲁,7365公里×113774公里(4577英里×70698英里)，倾角38.9°,阿丽亚娜5号,,,,,3台欧洲光子成像照相机(EPIC)，两台反射光栅测光仪(RGS)，光学监测仪(OM)结构尺寸在轨，10.1米×16.2米(33英尺×53英尺),,,,,,,,,,,,,,,
美国,极光,洛克希德·马丁公司,1996年2月24日,加利福尼亚州，范登堡,11500公里×57000公里(7146英里×35419英里)，轨道倾角86°,德尔塔II 7925,,,,,等离子波研究设备(PWI)，磁场实验设备(MFE)，环形成像大角度光谱仪(TIMAS)，电场研究设备(FFI)，热离子动力学实验设备(TIDE)，紫外线成像仪(UVI)，可见光成像系统(VIS)，极点电离层X射线成像实验设备(PIXIE)，电荷与质量磁气圈离子成分实验设备(CAMMICE)，广泛高能粒子螺旋角发散实验设备，源／漏逸锥面高能粒子分光计(CEPPAD／SEPS)。结构尺寸2.4米×2.1米(7.9英尺×6.9英尺),,,,,,,,,,,,,,,
美国,UARS高层大气研究卫星,通用电子公司Astro-space分部,1991年9月12日,佛罗里达州，肯尼迪角,585公里(364英里)，倾角57°,发现者号航天飞机，STS-48,,,,,低温学分支阵列标准样件分光计(CLAES)，改进平流层和中间层探测器(ISAMS)，微波分支探测计(MLS)，卤素掩食实验装置(HALOE)，太阳／恒星辐照度比较实验装置(SOLSTICE)，太阳紫外谱辐照监测仪(SUSIM)，粒子环境监测仪(PEM)，高分辨率多普勒成像仪(HRDI)，风多普勒成像干涉仪(WINDⅡ)，活动腔无线电辐射监测仪器(ACRIMⅡ)结构尺寸4.6米×10.7米(15.1英尺×35.1英尺),,,,,,,,,,,,,,,
日本,Superbird通信卫星,洛克希德·马丁公司商业空间系统,2000年10月7日,法属圭亚那，库鲁,110°E（GEO）,阿丽亚娜42L,,,,,24个Ku波段转发器结构尺寸高6米（19.7英尺）,,,,,,,,,,,,,,,
中国,神舟十号,中国航天科技集团公司,2013年6月11日17时38分02.666秒,酒泉卫星发射中心,,长征二号F火箭,40°57′28″N,100°17′30″E,,23米,,,2.9米,,,(5分),,,,,,,,,,
法国,阿丽亚娜1号-4号,法国宇航公司(EADS航天运输公司),,法属丰亚那，库鲁,地球静止转移轨道,,,,,58.4米,,1979年12月24口(“阿丽亚娜1”)；1984年8月4日(“阿丽亚娜2”～“阿丽亚娜3”)；1988年6月5同(“阿丽亚娜4”),3.8米,,,(1分),,,,,,,,,,
中国,东方红二号,中国空间技术研究院,1984年,西昌卫星发射基地,地球同步轨道,长征3号运载火箭,,,,3.6米,,,2.1米,,,,,,,,,,,,,
中国,实践9号卫星,由中国航天科技集团公司所属航天东方红卫星有限公司,2012年10月14日11时25分,太原卫星发射中心,,“长征二号丙”运载火箭,,,,,,,,,,,,,,,,,,,,
韩国,Koreasat通讯卫星,阿尔卡特·阿莱尼亚航天公司,2006年8月22日,太平洋，奥德赛平台,,Zenit-3SL,,,,,24Ku波段结构尺寸4米×2.2米×2米(13.1英尺×7.2英尺×6.6英尺),113°E(GFO),,,,,,,,,,,,,,
中国,遥感卫星14号,中国空间技术研究院,2012年 5月10日15时6分,太原卫星发射中心,,长征四号乙,37.5°N,112.6°E,,,,,,,,,,,,,,,,,,
合作开发,红外线天文卫星,荷兰航空航天学会,1983年1月25日,加利福尼亚州，范登堡,太阳同步轨道,德尔塔3910,北纬34度44分57.34秒,西经120度31分2.37秒,,,红外线摄像机（ISOCAM），短波长分光计（SWS），长波长分光计（LWS），红外线光度计和偏振器(ISOPHOT)结构尺寸3.6米×3.2米,,0.57米,,,,,,,,,,,,,
中国,实践12号卫星,上海航天技术研究院,2010年,酒泉卫星发射中心,,长征二号丁运载火箭,,,,,,,,,,,,,,,,,,,,
美国,IMAGE 探测器,洛克希德·马丁空间系统公司,2000年3月25日,加利福尼亚州，范登堡,45922公里×620公里(28535英里×620英里)90.01°,德尔塔II 7326,,,,,低能量、中能量和高能量中性原子成像仪(LENA、MENA和HENA)，  远紫外线(FUV)成像系统，极紫外线(EUV)成像仪，射电等离子成像仪(RPI)，中央设备数据处理器(CIDP)结构尺寸2.3米×1.5米(7.4英尺×4.5英尺),,,,,,,,,,,,,,,
中国,风云三号气象卫星,中国气象局国家卫星气象中心,2008年,太原卫星发射中心,近极地太阳同步轨道,长征四号B火箭,,,,,,,,,,,4.46米X10米X3.79米,,,,,,,,,
美国,罗西X射线时变探索者（RXTE）卫星,NASA戈达德航天飞行中心,1995年12月30日,佛罗里达州，卡纳维拉尔角,565千米×583千米(351英里×362英里)，倾角23°,德尔塔2号7920,,,,,正比计数器阵（PCA），高能X射线时变试验装置（HEXTE），全天监视器（ASM）结构尺寸1.8米×1.8米×5.4米(5.9英尺×5.9英尺×17.7英尺),1995年12月30日,,,,,,,,,,,,,,
美国,金牛座运载火箭,轨道科学公司,1994年3月13日,"加利福尼亚州,范登堡",,,,,,27.9米,1350千克,,2.4米,,,,,,,,,,,,,
美国,月球勘测轨道卫星,NASA戈达德航天飞行中心(LRO)／诺斯洛普·格鲁格空间技术公司(LCROSS),2008年10月31日,佛罗里达州，卡纳维拉尔角,月球轨道，50公里(31英里)，圆形极轨道,阿特拉斯V401,,,,,,,,,,,2米×2米×3米(6.6英尺×6.6英尺×9.8英尺),,,,,,,,可见光环境摄像机，全可见光发光二极管，两部中红外线摄像机，两部近红外线摄像机，一部可见光分光计，两部近红外线分光计。,观察辐射影响的宇宙射线望远镜(CRaTER)，“预言者”月球辐射计实验设备，月球勘探中子探测器(LEND)，月球轨道激光高度计(LOLA)，赖曼一阿尔法测绘计划(LAMP)设备，月球勘测卫星摄像机(LROC)。
中国,“玉兔号”月球车,,计划2013年12月上旬,,,,,,,,,,,,,(4分),,,,,,,,,,
中国,东方红三号,中国空间技术研究院,1997年,西昌卫星发射中心,,长征三号A运载火箭,,,,5.7米,,,,,,,222厘米×220厘米×172厘米,,,,,,,,,
意大利,国际伽玛射线天体物理实验室,意大利阿莱尼亚太空中心,2002年10月17日,哈萨克斯坦，拜科努尔发射场,9050千米×153657千米(5 624英里×95 480英里)，轨道倾角52.25°,质子号,,,,,,2002年10月17日,,Integral 卫星有效载荷成像仪（IBIS），光谱仪（SPI），欧洲联合X射线监视器(JEM-X)，光学监视照相机(OMC)结构尺寸5米×3.7米(16.4 英尺×12.1英尺),,,,,,,,,,,,
英国,乔托（Giotto）号探测器(欧洲）,英国宇航公司,1985年7月2日,法属圭亚那，库鲁,太阳轨道,阿丽亚娜1号,北纬5度9分34.92秒,西经52度39分1.08秒,,,“哈雷”彩色摄像机，中性质谱仪，离子质谱仪，尘埃质谱仪，尘埃碰撞检测器，等离子分析仪(2)，高能粒子分析仪，磁力计，光学探测器结构尺寸1.9米×2.9米,,,,,,,,,,,,,,,
苏/俄,太空飞船1号,缩尺复合体公司,2004年6月21日,加利福尼亚州，莫哈韦,亚轨道,“白色骑士”运载飞机(空中发射),,,,,,,,,,,8.5米×8.17米(27.9英尺×26.8英尺),,,,,,,,,
意大利,阿蒂米斯中继卫星,意大利阿莱尼亚太空中心,2001年7月12日,法属圭亚那，库鲁,,阿丽亚娜5号,,,,,,,,AnikF2有效载荷S/Ka波段数据中继(SKDR）半导体激光卫星间链路试验设备(SILEX)，SILEX和SKDR馈电链路，L波段陆地移动通讯设备（LLM），导航有效载荷（NAV）。结构尺寸4.8米×8米×25米(15.7英尺×26.2英尺×82英尺),,,,,,,,,,,,
美国,MSX中途空间试验卫星,约翰·霍普金斯大学应用物理实验室,1996年4月24日,加利福尼亚州，范登堡,908公里，轨道倾角99.6°(接近太阳同步轨道),德尔塔Ⅱ 7920,,,,,太空红外成像望远镜(SPIRIT Ⅲ)，远紫外线区可视成像仪和光谱成像仪(UVISI)，高空可视传感器(SBV)，星载信号数据处理器(OSDP)，污染测定仪，镜面清洁实验装置结构尺寸5米×1.5米×1.5米(16.4英尺×4.9英尺×4.9英尺),,,,,,,,,,,,,,,
美国,Telstar 1通讯卫星,贝尔通信实验室,1962年7月10日,佛罗里达州，卡纳维拉尔角,952公里×5632公里(592英里×3500英里)，倾角44.8°,德尔塔,,,,,螺旋天线；方向性喇叭天线(发射天线)。,,0.9米,,,,,,,,,,,,,
苏/俄,联盟号运载火箭,中央特别设计局，进步国家火箭与航天科研生产中心,1963年11月23日,"俄罗斯,普列谢茨克,哈萨克斯坦,拜科努尔",,,,,,45.2米,6855千克,,3米,,,,,,,,,,,,,
美国,探索者1号（Explorer）地球轨道卫星,喷气推进实验室,1958年1月31日,佛罗里达州，卡纳维拉尔角,360×2532公里(223×1572英里)，倾角33.3°,丘比特c／朱诺1号,,,,,盖格计数器，微小陨石探测器，内部和外部温度传感器。结构尺寸2米×0.2米,,,,,,,,,,,,,,,
以色列,AMOS通信卫星,以色列飞机制造公司,2003年12月28日,哈萨克斯坦，拜科努尔,4°W(GFO),联盟—Fregat,,,,,,,,AMOS-2有效载荷12部Ku波段转发器结构尺寸2.7米×2.1米×2.4米(8.9英尺×6.9英尺×7.9英尺),,,,,,,,,,,,
美国,重力探测器B,斯坦福大学,2004年4月20日,加利福尼亚州，范登堡,640公里×646公里(390英里×401英里)，倾角90°,德尔塔Ⅱ7920,,,,,GP-B望远镜。结构尺寸6.4米×2.6米(11.8英尺×8.2英尺),,,,,,,,,,,,,,,
中国,实践7号卫星,,2005年7月6日,酒泉卫星发射中心,,“长征二号丁”运载火箭,,,,,,,,,,,,,,,,,,,,
印度,印度空间研究组织（ISRO）,,,,,,,,,,,,,,,,,,,,,,,,,
中国,遥感卫星9号,,2010年3月5日12时55分,酒泉卫星发射中心,,长征四号丙,,,,,,,,,,,,,,,,,,,,
中国,鑫诺四号卫星,中国空间技术研究院,,,92.2°E,,,92.2度,,,18×36MHz+4×54MHz广播业务规划频段。,,,,,,,,,,,,,,,
美国,深度撞击探测器,巴尔航天公司,2005年1月12日,佛罗里达州，卡纳维拉尔角,太阳轨道,德尔塔Ⅱ7925,,,,,结构尺寸3.3米×1.7米×2.3米(飞越飞行器)，1米×1米(撞击探测器),2005年1月12日,,,,,,,,,,,,,,
美国,X射线天文台,TRW太空电子集团,1999年7月23日,佛罗里达，肯尼迪航天中心,9977公里×138400公里(6170英里×86000英里)，轨道倾角28.5°（太阳同步轨道）,“哥伦比亚”号航天飞机/IUS(STS-93),,,,,进进电荷耦合成像分光仪(ACIS)，高分辨率照像机(HRC)，高能透射光栅(HETG)，低能透射光栅（LETG）。结构尺寸13.8米×19.5米(45.3英尺×64英尺)(包括太阳能电池帆板展开的长度),,,,,,,,,,,,,,,
中国,神舟宇宙飞船,中国空间技术研究院,2005年10月12日,中国酒泉,350公里(212英里×217英里)，轨道倾角4最高342公里×2.4°,长征2F,,,,,,,,,,,9.25米×2.8米(0.3英尺×9.2英尺),,,,,,,,,
中国,神舟四号,中国航天科技集团公司,2002年12月30日0时40分,酒泉卫星发射中心,,长征二号F运载火箭,40°57′28″N,100°17′30″E,,,,,,,,,,,,,,,,,,
合作开发,GRACE(重力场恢复与气候实验卫星),EADS阿斯特里厄姆公司,2002年3月17日,俄罗斯，普列谢茨克,485公里（301英里），轨道倾角89°,呼啸号/微风KM,,,,,加速度计(ACC)，K波段测距系统(KBR)，GPS空间接收机，激光回射器(LRR)，星摄像装置(SCA)，低精度地球和太阳传感器(CES)，超稳定振荡器(USO).质心调整装置(CMT)GRACE为美德合作的双星测地任务，也是NASA地球系统科学开拓者计划的第一次发射任务。这次任务的总体目标是以前所未有的精度测量地区的重力场。结构尺寸2米×3.1米×0.7米,,,,,,,,,,,,,,,
德国,TerraSAR-X雷达卫星,EADS阿斯特里厄姆公司,2007年6月15日,哈萨克斯坦，拜科努尔发射场,514公里（319英里），轨道倾角97.4°(太阳同步轨道),第聂伯1号,,,,,X波段综合孔径雷达（TSX-SAR），激光通信终端（LCT），跟踪、隐身与测距实验仪（TOR）结构尺寸5米×2.4米（16.4英尺×7.9英尺),,,,,,,,,,,,,,,
法国,Meteosat/MSG 同步气象卫星,阿尔卡特空间技术公司,2005年12月21日,库鲁，法属圭亚那,0°，地球静止转移轨道(GEO),阿丽亚娜5G,,,,,旋转增强型可见光及红外线成像辐射计(SEVIRI)，对地静止地球辐射收支测量设备(GERB)结构尺寸3.2米×3.7米(10.5英尺×12.1英尺),,,,,,,,,,,,,,,
巴西,阿尔坎塔拉发射中心,巴西政府,1990年2月21日,,,,南纬2.28°,西经44.38°,,,,,,,,,,,,,,,,,,
美国,西弥斯,斯威尔斯宇航公司,2007年2月17日,,探测器1号，19567公里×201831公里（5945英里×125412英里），轨道倾角7°；探测器2号，27450公里×126093公里，轨道倾角7°；探测器3号，37130公里×77346公里（4629英里×78350英里），轨道倾角7°；探测器4号，37130公里×77346公里（4629英里×78350英里），轨道倾角9°；探测器5号，58160公里×64060公里（5350英里×39805英里），轨道倾角4.5°。,德尔塔Ⅱ 7925,28 ° 24'N,80 ° 37 W,,,设备数据处理单元（IDPU），6部电场设备（EFI），磁门磁力计（FGM），感应式磁力计（线圈式磁力计）。结构尺寸0.8米×0.8米×0.5米(2.8英尺×2.8英尺×1.7英尺),,,,,,,,,,,,,,,
苏/俄,月神3号（Luna 3，自动行星际站/Lunik3）,OKB-1(Korolev),1959年10月4日,哈萨克斯坦，拜科努尔,40300公里×476500公里(25041英里×296091英里)，倾角73.8°,Luna 8K72(R-7“斯普特尼克”加装逃逸段E模块),,,,,叶尼塞2电视图像系统，微小陨石探测器，宇宙射线探测器。结构尺寸1.3米×1.2米,,,,,,,,,,,,,,,
美国,国防支援计划（DSP）,诺斯洛普·格鲁曼公司,2007年11月10日,佛罗里达州，卡纳维拉尔角,GEO,德尔塔Ⅳ—重型,,,,,,,,DSP-23有效载荷中红外波长望远镜，碲汞镉探测器，双重辐射探测器，太空和大气爆炸报告系统(SABRS)结构尺寸10米×6.7米(32.8英尺×13.7英尺),,,,,,,,,,,,
日本,多功能传送卫星MTSAT,日本三菱电机股份有限公司,2006年2月18日,日本，种子岛航天中心,145°F(GFO),H-IIA F9(2024),,,,,可见光／红外线成像系统，S波段接收和传输天线，UHF天线，Ku波段、Ka波段和L波段通信系统。结构尺寸4米×2.6米×2.6米(13.1英几×8.5英J辽×8.5英尺),,,,,,,,,,,,,,,
印度,格鲁达1号（Garuda-1，亚洲蜂窝卫星）,洛克希德·马丁商业公司系统商业空间系统,2000年2月12日,哈萨克斯坦，拜科努尔,123°E（GEO）,质子K/DM模块,,,,,,,,银河7号有效载荷88(+22)部L波段转发器结构尺寸最大6米(19.7英尺）,,,,,,,,,,,,
韩国,Kompsat,韩国航天研究院,2006年7月28日,俄罗斯，普列谢茨克,685公里（426英里）98.1°，太阳同步轨道,呼啸号,,,,,多光谱摄像机结构尺寸1.9米×2.6米（6.1英尺×8.5英尺）,,,,,,,,,,,,,,,
美国,起源号（Genesis）空间飞行器,毕格罗航天公司,2006年年7月12日,罗斯，杜巴罗夫斯基/耶斯尼,550公里，轨道倾角64°,第聂伯火箭,,,,,,,,光子M3有效载荷“基因盒子”，生命科学实验设备，个人物品和照片结构尺寸4.4米×2.5米(14.4英尺×8.3英尺),,,,,,,,,,,,
加拿大,加拿大航天局（CSA）,,,,,,,,,,,,,,,,,,,,,,,,,
德国,SAR-Lupe雷达侦察卫星,德国OHB-系统公司,2006年12月19日,俄罗斯，普列谢茨克航天发射场,468公里×505公里,宇宙3M火箭,,,,,合成孔径雷达，卫星间S波段转发器，X波段转发器。结构尺寸4米×3米×2米,,,,,,,,,,,,,,,
中国,神舟八号飞船,中国航天科技集团公司,2011年11月1日5时58分10秒,酒泉卫星发射中心,,长征二号F火箭,40°57′28″N,100°17′30″E,,,,,,,,,,,,,,,,,,
苏/俄,能源号运载火箭,NPO Energja,,俄罗斯，拜科努尔,,,,,,58.8米,,1987年5月15日,7.75米,,,,,,,,,,,,,
美国,尼尔-舒梅克飞行器,约翰·霍普金斯大学应用物理实验室,1996年2月17日,佛罗里达州，卡纳维拉尔角,321公里×366公里(200英里×227英里),德尔塔II 7925,,,,,多光谱成像仪，磁力计(MAG)，近红外线分光计，X射线／伽玛射线分光计，激光测距仪。结构尺寸1.7米×1.7米×1.7米(5.6英尺×5.6英尺×5.6英尺),2000年2月14日,,,,,,,,,,,,,,
美国,广域红外探测器,巴尔航天公司,2009午12月14日,加利福尼亚，范登堡,500公里(310英里)，倾角97.3°(太阳同步轨道),德尔塔Ⅱ7320-10,,,,,4组焦平面阵列,,,,,,,,,,,,,,,
中国,风云一号气象卫星,中国气象局国家卫星气象中心,1998年,太原卫星发射基地,太阳同步轨道,长征四号火箭,,,,,,,,,,,1.4米×1.4米×1.2米,,,,,,,,,
苏/俄,“礼炮1号”(Salute 1)空间站,OKB-1(Korolev),1971年4月19日,哈萨克斯坦，拜科努尔。,184公里×214公里(114英里×132英里)可变轨道，倾角51.6°。,,北纬49°53’,东经73°07’,,,,,,,,,最大14.4米×4.2米(47.2英尺×13.6英尺),,,,,,,,,
美国,STEREO双太阳观测卫星,约翰·霍普金斯大学应用物理实验室,2006年10月26日,佛罗里达州，卡纳维拉尔角,太阳轨道，1亿4960万公里(9300万英里)。,德尔塔II 7925-10L,28 ° 24'N,80 ° 37 W,,,日地关联日冕和太阳风层探测器(SECCHI)-远紫外线成像仪，2台白光日冕仪，粒子和日冕物质喷射暂现原位测量装置(IMPACT)，等离子体和超热离子构件(PLASTIC)，STEREO／WAVES射电暴追踪系统(S／WAVES)。结构尺寸1.1米×1.2米×2米(3.7英尺×4英尺×6.6英尺),,,,,,,,,,,,,,,
美国,全球定位系统（GPS ）,洛克希德·马丁太空系统分部,2006年11月17日,佛罗里达州，卡纳维拉尔角,20182公里(12540英里)，倾角55°(B4轨道面),德尔塔Ⅱ 7925,,,,,L波段和S波段转发器结构尺寸1.5米×1.9米×1.9米(6英尺×63英尺×63英尺),,,,,(5分),,,,,,,,,,
美国,水手9号,NASA喷气推进实验室,1971年5月30日,佛罗里达州，卡纳维拉尔角,1394公里×17144公里(866英里×10653英里）)，倾角64.34°。,,28 ° 24'N,80 ° 37 W,,,电视系统，紫外线分光计，红外线辐射计，红外线分光计。,,,,,,,,,,,,,,,
美国,国际日地探测卫星3号/国际彗星探测器,仙童公司,1978年8月12日,佛罗里达州，卡纳维拉尔角,然后进入太阳轨道,德尔塔2914,北纬27度,西经81度,,,太阳风等离子实验设备，磁力计，x射线与低能量宇宙射线实验设备，行星间和太阳电子实验设备，等离子体波实验设备，等离子成分实验设备，无线电波实验设备，带电粒子各向异性分光计，x射线和伽玛射线脉冲实验设备，中等能量宇宙射线和电子实验设备，高能量宇宙射线实验设备，宇宙射线能量谱仪，宇宙射线同位素分光计NASA的国际日地探测卫星3号（ISEE-3）/国际彗星探测测器(ICE)当初被发射到了围绕日一地天平动点(在地球朝向太阳的方向，距地球150万公里)的L1晕轨道，它的任务是提供关于太阳风的数据。结构尺寸1.7米×1.6米,L1halo轨道,,,,,,,,,,,,,,
中国,遥感卫星5号,,2008年12月15日11时22分,中国太原卫星发射中心,,长征四号乙运载火箭,,,,,,,,,,,,,,,,,,,,
美国,拉马弟(RHESSI)高能太阳分光镜成像卫星,光谱宇宙有限公司,2002年2月5日,佛罗里达州，卡纳维拉尔角(空中发射),600公里(373英里)，轨道倾角38°,人马座XL,,,,,成像分光计。结构尺寸2.2米×5.8米(7.1英尺×18.9英尺)，太阳能电池板和桅杆展开,,,,,,,,,,,,,,,
苏/俄,流星近地轨道气象卫星,泛俄罗斯机电研究所,2001年12月10日,哈萨克斯坦，拜科努尔,996公里×1015公里(618英里×630英里)，轨道倾角99.7°，太阳同步轨道,天顶2号(Zerlit-2),,,,,MR一2000电视扫描仪，红外线扫描仪(ART)，微波辐射计(MIVZA)，微波辐射计(MTVZA)，粒子设备(KGI一4)，地理活动发射测量(MSGI一5)，紫外线分光计(SFM一2)，多通道扫描设备(MSU-E)，多通道扫描设备(MSU-S)，同温层浮质和气体实验设备(SAGE III)结构尺寸1.4米×2.2米(6.4英尺×7.2英尺),,,,,,,,,,,,,,,
日本,B-SAT通信卫星,轨道科学公司,2003年7月11日,法属圭亚那，库鲁,110°E(GEO),阿丽亚娜5G,,,,,8部Ku波段转发器结构尺寸3.4米×3.7米(11.3英尺×12英尺),,,,,,,,,,,,,,,
英国,Hipparcos (欧洲航天局),英国宇航公司,,法属圭亚那，库鲁,,Ariane 44LP,北纬5度9分34.92秒,西经52度39分18.09秒,,,0.3米(1英尺)施密特望远镜，两部天体绘图仪结构尺寸3米×1.8米,,,,,,,,,,,,,,,
美国,火星探路者,NASA喷气推进实验室,1996年12月4日,佛罗里达州，卡纳维拉尔角,太阳轨道，火星登陆,德尔塔117925,,,,,结构尺寸(六边形)高0.9米（3英尺）,,,,,,,,,,,,,,,
巴西,巴西航天局(AEB),,,,,,,,,,,,,,,,,,,,,,,,,
中国,遥感卫星13号,上海航天技术研究院,2011年11月30日凌晨2时50分,太原卫星发射中心,,长征二号丙,,,,,,,,,,,,,,,,,,,,
法国,惠更斯着陆探测器,法国宇航公司,1997年10月15日,佛罗里达州，卡纳维拉尔角,太阳轨道,大力神IVB-半人马座,,,,,浮质收集器和热解器(ACP)，下降段成像／光谱辐射计(DISR)，多普勒测风试验设备（DWE），气象色谱仪和质谱仪（GCMS），惠更斯大气成分设备(HASI)，表面科学设备。结构尺寸直径2.8米(9英尺),,2.8米,,,,,,,,,,,,,
美国,金星先锋1号,,1978年5月20日,佛罗里达州，卡纳维拉尔角,150公里×66889公里(93英里×41564英里)，倾角105°。,阿特拉斯—半人马座,28°24',80°37',,,云层照相偏振测量仪，表面雷达测绘仪，红外线辐射计，气辉紫外线分光计；中性粒子质谱仪，太阳风等离子分析仪，磁力计，电场探测器，电子温度探测器，离子质谱仪，带电粒子延迟电位分析仪，伽马射线元件破损检测器。结构尺寸2.5米×1.2米(8.3英尺×4英尺)，不包括高频天线,,,,,,,,,,,,,,,
中国,实践11号卫星,中国航天科技集团公司,2013年7月15日17时27分,酒泉卫星发射中心,,“长征二号丙”运载火箭,,,,,,,,,,,,,,,,,,,,
美国,新型ICO卫星,休斯公司(后来并入波音公司),2001年6月19日,佛罗里达州，卡纳维拉尔角,10390千米(6456英里)，轨道倾角45°E,阿特拉斯ⅡAS,,,,,163部S波段电波束；S波段转发器结构尺寸4.7米×2.3米×2.3米(15-4英尺×7.5英尺×7.5英尺),,,,,,,,,,,,,,,
美国,太阳风,马丁·玛丽埃塔公司(现为洛克希德·马丁公司),1994年11月1日,佛罗里达州，卡纳维拉尔角,,,28 ° 24'N,80 ° 37 W,,,磁场勘测设备(MFT)，无线电和等离子波实验设备(WAVES)，太炎各方能够实验设备(SWE)，带电粒子加速、组成和运输设备(EPACT)，太阳风和超热粒子成分研究设备(SWICS／STICS)，三维等离子和带电粒子分析仪(3一D P1asma)，瞬时伽马射线分光计(TGRS)，伽马射线暴探测仪(KONUS)。结构尺寸2.4米×1.8米(7.9英尺×5.9英尺),,,,,,,,,,,,,,,
苏/俄,快车（Express）通信卫星,列舍特涅夫应用力学科研生产联合体,2005年6月24日,哈萨克斯坦，拜科努尔,140°E（GEO）,质子K,,,,,,,,快车AM3有效载荷16部C波段转发器，12部Ku波段转发器，1部L波段转发器,,,,,,,,,,,,
苏/俄,月神9号,拉沃契金设计局,1966年1月31日,哈萨克斯坦，拜科努尔,太阳轨道,R-7(东方号),,,,,电视图像系统；射线探测器。结构尺寸2.7米×1.2米(8.9英尺×3.9英尺),,,,,,,,,,,,,,,
美国,阿特拉斯5,洛克希德·马丁公司,2002年8月21日,佛罗里达州，卡纳维拉尔角,,,28°33'21N,80°36'17W,,59.7米,近地轨道有效载荷18500千克，地球静止转移轨道有效载荷8700千克,,3.8米,,,,,,,,,,,,,
美国,Americom(AMC)通信卫星,洛克希德·马丁商业空间系统,2006年12月8日,法属圭亚那，库鲁,105°W（GEO）,阿丽亚娜5FCA,,,,,,,,AMC-18有效载荷24部c波段转发器结构尺寸3.8米×1.9米×1.9米(12.5英尺×6.2英尺×6.2英尺),,,,,,,,,,,,
法国,普朗克（Planck）探测器,欧洲阿尔卡特航天公司,2008年7月,法属圭亚那，库鲁,L2拉格朗日点，李萨如轨道,阿丽亚娜5号ECA,,,,,低频仪(LFI)，高频仪(HFI)结构尺寸4.2米×4.2米(13.8英尺×13.8英尺),2008年7月,1.5米,,,,,,,,,,,,,
加拿大,Anik(加拿大电视卫星),波音卫星系统,2004年7月17日,法属圭亚那，库鲁,111.1°W(GEO),阿丽亚娜5G,,,,,,,,Anik F2有效载荷38部Ka波段转发器，32部Ku波段转发器，24部C波段转发器结构尺寸7-3米×3.8米×3.4米(23.9英尺×14.4英尺×11-2英尺),,,,,,,,,,,,
苏/俄,闪电（Molniya）卫星系统,俄罗斯雷席特涅夫应用机械研究与生产联合会,2003年6月19日,俄罗斯，普列谢茨克航天发射场,651公里×39703公里,,,,,,3个4～6GHz转发器。结构尺寸1.6米×4.2米,,,,,,,,,,,,,,,
美国,阿波罗11号（Apoiio 11）,格鲁曼公司,1969年7月16日,佛罗里达州，肯尼迪航天中心,111公里×314公里(69英里×195英里),土星5号,,,,,,,,,,,指令舱(CM)，0.7米×0.4米(2.3英尺×1.3英尺)；,,,,,,,,,
泰国,Thaicom通信卫星,阿尔R特·阿莱尼亚空间公司,2006年5月27日,法属圭亚那，库鲁,78.5°E(GFO),阿丽亚娜5ECA,,,,,25个C波段转发器，14个Ku波段转发器结构尺寸3.7米×3.3米×2.2米(12.1英尺×10.88英尺×7.2英尺),,,,,,,,,,,,,,,
美国,激光干涉仪空间天线开拓者,EADS阿斯特里厄姆公司,,哈萨克斯坦，拜科努尔发射场,L1拉格朗日点，李萨如轨道,计划使用“呼啸号”,,,,,LISA技术包（LTP），干扰简化系统（DRS）结构尺寸2.1米×1.0米(6.9 英尺×3.3英尺),,,,,,,,,,,,,,,
合作开发,美国国家海洋大气管理局极轨道环境卫星,美国航空航天局戈达德航天飞行中心,2002年6月24日,加利福尼亚州，范登堡,807公里×822公里(50l英里×510英里)，轨道倾角98.8°(太阳同步轨道),大力神Ⅱ,,,,,高级特高分辨率辐射计(AVHRR一3)，高分辨率红外探测器(HIRS-3)，高级微波探测DANYUAN单元（AMSU-B），太阳能反向散射超紫外辐射计（SBUV-2)太空环境监测仪2(SEM一2)，阿哥斯数据收集系统(DCS-2)结构尺寸4.2米×7.9米×1.4米(13.8英尺×6.2英尺×24.3英尺),,,,,,,,,,,,,,,
美国,Spaceway通信卫星,波音卫星系统公司,2005年11月16日,法属圭亚那，库鲁,89.2°W(GEO),阿丽亚娜5ECA,,,,,5.1米×3.4米×3.2米(16.6英尺×11.2英尺×10.6英尺)结构尺寸72部Ka波段转发器,,,,,,,,,,,,,,,
中国,“鑫诺六号”通信广播卫星,中国空间技术研究院,,西昌卫星发射中心,,“长征三号乙”运载火箭,,东经126.4度,,9.94米,,2010年9月5日0时14分,,,,,,,,,,,,,,
欧盟,GIOVE（伽利略在轨验证部件卫星）,萨里卫星技术有限公司,2005年12月28日,哈萨克斯坦，拜科努尔,23226公里×23285公里(14432英里×14469英里)，轨道倾角56°,联盟号／Fregat,,,,,,,,银河17号有效载荷铷原子钟，L波段天线，信号发生单元，两部辐射监视器，导航接收器结构尺寸1.3米×1.8米×1.7米(4.3英尺×5.9英尺×5.4英尺),,,,,,,,,,,,
意大利,西克拉尔（Sicral）军事卫星系统,欧洲阿尔卡特-阿莱尼亚航天公司,2001年2月7日,法属圭亚那，库鲁,16.2°E（GEO）,阿丽亚娜44L,,,,,12C波段。结构尺寸2.8米×3.4米×4.9米,,,,,,,,,,,,,,,
日本,JCSAT卫星,洛克希德·马丁商业太空系统分部,2006年8月11日,法属圭亚那，库鲁,128°E（GEO）,阿丽亚娜5-ECA,,,,,12C波段结构尺寸5.5米×2.2米×2.2米（18英尺×7.2英尺×7.2英尺）,,,,,,,,,,,,,,,
中国,鑫诺3号,中国航天科技集团公司,2007年6月1日,西昌卫星发射中心,,,,,,,,,,,,,,,,,,,,,,
美国,勘测者1号,休斯飞机公司,1966年5月30日,佛罗里达州，卡纳维拉尔角,太阳轨道,阿特拉斯S—半人马座,,,,,电视摄像机。结构尺寸3米×4.3米(9.8英尺×14英尺),,,,,,,,,,,,,,,
英国,国际海事卫星组织（Inmarsat）,FADS阿斯特里厄姆公司,2005年11月8日,太平洋，奥德赛平台,53°（GEO）,Zenit 3SL,,,,,,,,Inmarsat-4F2有效载荷L波段和C波段，630个通道；导航包结构尺寸7米×2.9米×2.3米（23英尺×9.5英尺×7.5英尺）,,,,,,,,,,,,
美国,火星勘测轨道卫星（Mars Reconnaissance Oribiter，MRO）,洛克希德·马丁空间系统公司,2005年8月12日,佛罗里达州，卡纳维拉尔角,250公里×316公里(155英里×196英里)，轨道倾角92.65°，太阳同步轨道,阿特拉斯V-401(装备“半人马座”上面级),,,,,高解析度成像科学实验设备(Hi-RISE)，火星彩色成像仪(MARCI)，紧凑型火星勘测成像分光计（CRISM），全景摄像机，浅表雷达（SHARAD），火星气候探测器(MCS)，光学导航像机，Electra超高频无线电中继，Ka波段无线电通信验证设备。结构尺寸6.5米×13.6米（21英尺×45英尺）,,,,,,,,,,,,,,,
苏/俄,Oko眼睛（US-KS）卫星系统,俄罗斯宇航公司NPO拉沃契金设计局,2006年7月21日,俄罗斯，普列谢茨克航天发射场,539公里×39570公里,闪电M,,,,,直径50厘米(19.7英寸)的望远镜；可视／红外探测器。结构尺寸2米×1.7米,,,,,,,,,,,,,,,
中国,亚太（APSTAR）卫星,阿尔卡特航天公司,2003年12月28日,中国，西昌,134°E(GFO),长征3B,,,,,,,,亚太6号有效载荷38部C波段转发器；12部Ku波段转发器结构尺寸长度4米(13.1英尺),,,,,,,,,,,,
合作开发,拜科努尔航天控制中心,,,,,,北纬45.6°,西经63.4°,,,,,,,,,,,,,,,,,,
中国,遥感卫星7号,,,,,,,,,,,,,,,,,,,,,,,,,
美国,GLAST,轨道科学公司(以前的中光谱航宇公司),2008年2月31日,佛罗里达州，卡纳维拉尔角,565公里(350英里)，轨道倾角28.5°,德尔塔2920H-10,,,,,,,,,,,,,,,,,,,,
印度,印度火星飞船,,2013年11月5日14点38分（(北京时间下午17点08分)）,印度南部安德拉邦的斯里哈里科塔基地,,C25极轨运载火箭,,,,,,,,,,,,,,,,,,,,
美国,科里奥利实验卫星,光谱宇宙有限公司(现为通用动力C4系统公司),2003年1月6日,"加利福尼亚州,范登堡","830公里(438英里),轨道倾角98.2°,太阳同步轨道",大力神2号,,,,,windsat极化微波辐射计；太阳物质抛射成像仪。结构尺寸4.7米×13米,,,,,,,,,,,,,,,
加拿大,恒星微变与振荡（MOST）科学卫星,加拿大代纳肯公司/多伦多大学航空航天研究所,2003年6月30日,俄罗斯，普列谢茨克,818公里×832公里(508英里×517英里)，轨道倾角98.7°(太阳同步轨道),呼啸号,,,,,测光仪结构尺寸0.7米×0.7米×0.3米(2.1英尺×2.1英尺×1英尺),2003年6月30日,,,,,,,,,,,,,,
美国,COROT天文卫星,泰利斯.阿莱尼亚公司,2006年12月27日,哈萨克斯坦，拜科努尔发射场,895公里×906公里(556英里×563英里)，倾角90°,联盟号Soyuz 2—lb,,,,,,,,,,,4.1米×2米(13.5英尺×6.5英尺),,,,,,,,,
中国,遥感卫星1号,中国航天科技集团公司,2006年4月27日6时48分,太原卫星发射中心,,“长征四号乙”运载火箭,38°50′56.71″N,111°36′30.59″W,,,,,,,,(5分),,,,,,,,,,
苏/俄,斯沃博德内航天中心,,,斯沃博德内18,,“天箭号”、“呼啸号”和“安加拉”,北纬51.4°,东经l28.3°,,,,,,,,,,,,,,,,,,
法国,SPOT（地球观测卫星系统）,EADS阿斯特里厄姆公司,2002年5月4日,法属圭亚那，库鲁,822公里（511公里），轨道倾角98.7°(太阳同步轨道),阿丽亚娜42P,,,,,两台高分辨率几何仪（HRG），高分辨率立体观察仪（HRS），植被仪2，卫星多普勒轨道成像和无线电定位集成系统(DORIS）结构尺寸3.1米×3.1米×5.7米（10.2英尺×10.2英尺×18.7英尺）,,,,,,,,,,,,,,,
美国,深空1号卫星,光谱航天公司（Spectrum Astro）,1998年10月24日,佛罗里达州，卡纳维拉尔角,太阳轨道,德尔塔II 7326,,,,,微型综合摄像机-分光计(MICAS)，行星探测等离子试验(PEPE)，太阳能集中器(高效率太阳能电池)(SCARLET II)，远程代理，自主导航(AutoNav)，信标监视器操作实验设备，Ka波段固态功率放大器，小型深空异频雷达收发机。结构尺寸2.5米×2.1米×1.7米,1998年10月24日,,,,,,,,,,,,,,
美国,亚毫米波(SWAS)天文卫星,巴尔航天公司,1998年12月5日,加利福尼亚，范登堡,637公里×653公里(396英里×406英里)，轨道倾角70°,飞马座XL,,,,,声光测光仪，毫米波接收机结构尺寸1米（3.2英尺）,,,,,,,,,,,,,,,
中国,西昌卫星发射中心（XSLC）,,,,,,北纬28度14分45.66,东经102度1分35.60,,,,,,,,,,,,,,,,,,
苏/俄,俄罗斯联邦航天局（RKA/ROSKOSMOS）,,,,,,,,,,,,,,,,,,,,,,,,,
日本,日本宇宙航空研究开发机构（JAXA),,,,,,,,,,,,,,,,,,,,,,,,,
加拿大,Nimiq加拿大通信卫星,洛克希德·马丁公司商业空间系统,2002年12月29日,哈萨克斯坦，拜科努尔发射场,82°W(G EO),质子号／微风M,,,,,两个Ka波段转发器，32个Ku波段转发器W。结构尺寸5.8米×2.4米×2.4米(19英尺×7.9英尺×7.9英尺),,,,,,,,,,,,,,,
美国,Orbcomm轨道通讯系统,轨道科学公司,1995年4月3日,弗吉尼亚州，瓦罗普斯岛（空中发射）,8颗卫星——离地面高度800公里(497英里)，轨道面倾角45°，四个轨道面；22颗卫星--离地面高度710公里和820公里（441英里和510英里）轨道面倾角70°和108°,“天马座”和“飞马座XL”,,,,,甚高频转发器，特高频转发器。结构尺寸1米×0.2米（3.4英尺×0.5英尺),,,,,,,,,,,,,,,
苏/俄,起飞1号运载火箭,莫斯科热力工程研究所,1993年3月25日,"普列谢茨克,斯沃博德内",,,,,,22.7米,6855千克,,1.8米,,,,,,,,,,,,,
中国,长征四号运载火箭,上海航天技术研究院,1988年,太原卫星发射中心,地球同步转移轨道,,北纬38度,东经111度,,41.9米,1250千克。,,3.35米,,,,,,,,,,,,,
中国,实践6号卫星,上海航天技术研究院和航天东方红卫星公司,2004年9月9日7时,中国太原卫星发射中心,,长征四号乙运载火箭,,,,,,,,,,,,,,,,,,,,
苏/俄,月球号运载火箭,,1959年1月2日,,,,,,,33.5米,,,,,,,,,,,,,,,,
日本,M-V运载火箭,日产公司,,日本，鹿儿岛，内之浦航天中心,,,,,,30.7米,,1997年12月2日,2.5米,,,,,,,,,,,,,
中国,北斗卫星导航系统,中国航天科技集团公司,2000年,西昌卫星发射中心,,长征三号甲运载火箭,,,,,,,,,,,,,,,,,,,,
合作开发,詹森1号,阿尔卡特空间公司,2001年12月7日,加利福尼亚州，范登堡,1336公里 (830英里)66°,德尔塔II 7920,,,,,Poseidon-2雷达测高计，詹森微波辐射计（JMR），多普勒轨道确定和无线电定位组合系统（DORIS），Turbo Rogue空间接收机（TRSR），激光回射器阵列（LRA）结构尺寸1.9米×1.9米×3.3米(3.2英尺×6.2英尺×10.8英尺),,,,,,,,,,,,,,,
中国,神舟九号,中国航天科技集团公司,2012年6月16日18时37分24秒,酒泉卫星发射中心,,长征二号F,40°57′28″N,100°17′30″E,,,,,,,,,,,,,,,,,,
合作开发,国际空间站（ISS）,多国合作,1998年11月20日,哈萨克斯坦，拜科努尔；佛罗里达州，肯尼迪航天中心,400公里(250英里)，轨道倾角51.6°,质子K，航天飞机,,,,108米,有压力运输，最多7000千克(15430磅)。结构尺寸桁架和舱体，108.5米×88.4米(355.9英尺×290英尺),,88米,,,,,,,,,,,,,
中国,风云二号气象卫星,中国气象局国家卫星气象中心,1994年,西昌卫星发射中心,地球同步轨道,长征三号火箭,,,,,,1994年,,,,,1米×1.6米(3.3英尺×5.2英尺),,,,,,,,,
